stockid,stockname,date,loan,provision_coverage,loanlossreserve_loan,netcapital,CAR,Core1_netcapital,Core1CAR,RWA,核心资本充足率(%)
000001.SZ,平安银行,20141231,102473400,2.009,0.0206,16220076,0.1175,11924100,0.0864,138043200,9.28
000001.SZ,平安银行,20140630,93822700,1.9818,0.0183,14965731.9,0.1197,10919400,0.0873,125027000,9.43
000001.SZ,平安银行,20131231,84728900,2.0106,0.0179,12921348.5,0.1104,10016100,0.0856,117041200,9.41
000001.SZ,平安银行,20130630,78648400,1.8354,0.0178,10612611.9,0.099,7809900,0.0729,107198100,8.05
000001.SZ,平安银行,20121231,72078004.8,1.8232,0.0174,10186600,0.1137,7689600,0.0859,89559270,8.59
000001.SZ,平安银行,20120630,68290553,2.3796,0.0173,9642500,0.114,7137500,0.0844,84583333,8.44
000001.SZ,平安银行,20111231,62064181.7,3.2066,0.017,9149100,0.1151,6723175.5,0.0846,79470160,8.46
000001.SZ,平安银行,20110630,44848382.6,3.7974,0.0167,5671600,0.1058,3753800,0.07,53606805.3,7.01
000001.SZ,平安银行,20101231,40739113.5,2.715,0.0158,4727200,0.1019,3291900,0.071,46369100,7.1
000001.SZ,平安银行,20100630,37362473.6,2.2409,0.0137,4310910.2,0.1041,2981609,0.072,41411241,7.2
000001.SZ,平安银行,20091231,35951741.3,1.6184,0.011,3190524,0.0888,1985428.2,0.0552,35929324,5.53
000001.SZ,平安银行,20090630,34234588.5,1.3307,0.0096,2910587,0.0862,1715287.9,0.0508,33765510,5.08
000001.SZ,平安银行,20081231,28374136.6,1.0514,0.0071,2395943,0.0858,1471015.3,0.0527,27924743.6,5.27
000001.SZ,平安银行,20080630,24637253.6,0.5375,0.0249,2263335.2,0.0853,1631830.2,0.0615,26533824,6.15
000001.SZ,平安银行,20071231,22181359.8,0.4828,0.0272,1269200,0.0577,1269200,0.0577,21996533.8,5.77
000001.SZ,平安银行,20070630,20741381.9,0.4844,0.0339,955600,0.0388,955600,0.0388,24628865.98,3.86
000001.SZ,平安银行,20061231,18218194.7,0.4763,0.0381,642000,0.0371,636808.6,0.0368,17304582,3.69
000001.SZ,平安银行,20060630,17593948.07,0.4544,0.0379,565250,0.0358,565250,0.0358,15789106.15,
000001.SZ,平安银行,20051231,15610302.4,0.4277,0.0399,488500,0.0371,488000,0.037,13189189,3.7
000001.SZ,平安银行,20050630,13533933.53,0.4148,0.0445,411250,0.0314,411250,0.0314,13097133.76,3.15
000001.SZ,平安银行,20041231,12619546.32,0.3549,0.0405,334000,0.0232,331000,0.023,14391304,2.32
000001.SZ,平安银行,20040630,14141306.2,0.4007,0.0354,613550.12,0.045075526,613550.12,0.045075526,13611602,
000001.SZ,平安银行,20031231,11011950.54,0.3598,0.0379,893100.24,0.0696,308931,0.0324,12831900,3.24
000001.SZ,平安银行,20030630,8878460.28,0.3694,0.0407,872650,0.0862,319904.1763,0.0316,10123549.88,
000001.SZ,平安银行,20021231,8411471.78,0.3317,0.0385,852199.76,0.0949,350219.0795,0.039,8979976.396,
000001.SZ,平安银行,20020630,7023000,0.2857,0.0385,831749.52,0.0928,285017.6157,0.0318,8962818.103,
000001.SZ,平安银行,20011231,5346508.36,0.4525,0.0474,811299.28,0.1057,237172.6372,0.0309,7675489.877,
000001.SZ,平安银行,20010630,5021236,0.2487,0.0324,790849.04,0.1374,165191.9028,0.0287,5755815.429,
000001.SZ,平安银行,20001231,3821116.14,0.2476,0.0395,770398.8,0.1756,144778.8178,0.033,4387236.902,
000001.SZ,平安银行,20000630,2784900,0.246,0.0161,749948.56,0.1349,229042.8515,0.0412,5559292.513,
000001.SZ,平安银行,19991231,2655300,0.2415,0.0132,729498.32,0.1417,201294.173,0.0391,5148188.567,
002142.SZ,宁波银行,20141231,,,,,,,,3399454.6,10.32
002142.SZ,宁波银行,20140930,20095134.9,2.4112,0.0215,709048.08,0.1396,163040.4253,0.0321,5079140.974,
002142.SZ,宁波银行,20140630,19091780.2,2.4118,0.0215,3917230.4,0.1251,2880969.9,0.092,31312792.9,9.39
002142.SZ,宁波银行,20131231,17118966.6,2.5488,0.0227,3273592.1,0.1206,2530560.1,0.0932,27137993.3,10.16
002142.SZ,宁波银行,20130630,15882041.6,2.5712,0.0213,3253751.2,0.1296,2448259.6,0.0975,25099042.5,10.38
002142.SZ,宁波银行,20121231,14561754.3,2.7539,0.021,2984488.9,0.1565,2191138.4,0.1149,19070216.6,11.49
002142.SZ,宁波银行,20120630,13627536.6,2.3842,0.0171,2514346.1,0.1471,2001563.1,0.1171,17092768,11.71
002142.SZ,宁波银行,20111231,12274511,2.4074,0.0163,2303148,0.1536,1824824.9,0.1217,14994453,12.17
002142.SZ,宁波银行,20110630,11374374.4,2.1011,0.0146,2146383.5,0.1462,1682459.297,0.1146,14681145.7,11.46
002142.SZ,宁波银行,20101231,10157440.7,1.9615,0.0136,2016388.3,0.162,1555855.2,0.125,12446841.4,12.51
002142.SZ,宁波银行,20100630,9360569,2.0569,0.0127,1240731.6,0.1081,1037463.9,0.0904,11477628,9.04
002142.SZ,宁波银行,20091231,8186384.9,1.7006,0.0134,1044189.2,0.1075,930148.9,0.0958,9713387.9,9.58
002142.SZ,宁波银行,20090630,6424869.68,1.6041,0.0136,969672.2,0.1284,873007,0.1156,7551964.2,11.56
002142.SZ,宁波银行,20081231,4915596.59,1.525,0.014,929530.7,0.1615,840284.5,0.146,5755608,14.6
002142.SZ,宁波银行,20080630,4387613.49,3.2344,0.0128,888493,0.1702,808941,0.155,5220287.9,15.5
002142.SZ,宁波银行,20071231,3650245.63,3.5994,0.0128,843582,0.21,762747,0.1899,4017057.1,18.99
002142.SZ,宁波银行,20070630,3361604.89,3.7032,0.013,395163,0.1102,333844.5994,0.0931,3585871.1,9.31
002142.SZ,宁波银行,20061231,2813489.9,4.0528,0.0132,361000,0.1148,304947,0.097,3144599.3,9.71
002142.SZ,宁波银行,20051231,1960913.3,2.7148,0.0165,244230,0.1081,208533.1131,0.0923,2259297,8.68
002142.SZ,宁波银行,20041231,1729544.4,2.0069,0.0193,244191.2,0.1081,203078.5262,0.0899,2258938,8.38
600000.SH,浦发银行,20141231,202838000,2.4909,0.0265,34312008.1,0.1196,24690500,0.0861,286889700,8.66
600000.SH,浦发银行,20140630,189834400,2.6784,0.0249,29939890.7,0.1159,22166600,0.0858,258325200,8.78
600000.SH,浦发银行,20131231,176749400,3.1965,0.0236,26499500,0.1097,20721800,0.0858,241459300,8.64
600000.SH,浦发银行,20130630,167828600,3.4786,0.0233,24920600,0.112746528,19030862,0.0861,221032083,
600000.SH,浦发银行,20121231,154455300,3.9985,0.0231,23341700,0.1245,16807200,0.0897,187423000,8.97
600000.SH,浦发银行,20120630,145243687,4.1403,0.0219,21218500,0.1221,15463500,0.089,173779688.8,8.9
600000.SH,浦发银行,20111231,133143604.4,4.996,0.0219,19976430,0.127,14480800,0.092,157330790,9.2
600000.SH,浦发银行,20110630,123740664.5,4.5285,0.0192,16411100,0.115,13065500,0.0916,142705217,9.16
600000.SH,浦发银行,20101231,114648930.1,3.8056,0.0195,15384600,0.1203,11982300,0.0937,127938820,9.37
600000.SH,浦发银行,20100630,105060960.3,3.0226,0.0186,10760500,0.1024,7366318.9,0.0701,105083008,7.01
600000.SH,浦发银行,20091231,92885475,2.4593,0.0198,9758000,0.1034,6511564.5,0.069,94370500,6.91
600000.SH,浦发银行,20090630,93871837.2,2.1603,0.0195,7884700,0.0811,4549400,0.0468,97221948,4.68
600000.SH,浦发银行,20081231,69756467,1.9249,0.0234,6821300,0.0907,3781660,0.0503,75182100,5.03
600000.SH,浦发银行,20080630,62167169.8,2.1508,0.0263,5533500,0.0866,3161900,0.0495,63897229,4.95
600000.SH,浦发银行,20071231,55098837.8,1.9108,0.0278,5037400,0.0915,2758183,0.0501,55053552,5.02
600000.SH,浦发银行,20070630,52427208.8,1.5968,0.0274,4286100,0.0846,2546500,0.0503,50663121,5.03
600000.SH,浦发银行,20061231,46089300.2,1.5146,0.0277,3995900,0.0927,2344300,0.0544,43105717,5.44
600000.SH,浦发银行,20060630,43081679.9,1.5778,0.0287,3314700,0.0801,1684248,0.0407,41382022.5,4.07
600000.SH,浦发银行,20051231,37722293.7,1.4216,0.028,2843500,0.0804,1459600,0.0413,35366915.4,4.13
600000.SH,浦发银行,20050630,33995015.6,1.4326,0.0308,2685600,0.0824,1362000,0.0418,32592233,4.18
600000.SH,浦发银行,20041231,31090514,1.171,0.0287,2527700,0.0803,1268571.731,0.0403,31478206.72,
600000.SH,浦发银行,20040630,28086427.8,1.2142,0.0278,2369800,0.08335,1232523.455,0.04335,28431913.62,
600000.SH,浦发银行,20031231,25511133.9,0.9712,0.0246,2211900,0.0864,1187872.222,0.0464,25600694.44,
600000.SH,浦发银行,20030630,23060799,0.7824,0.0247,2054000,0.083,1064120.482,0.043,24746987.95,
600000.SH,浦发银行,20021231,17437747.7,0.6401,0.0284,1896100,0.0854,1007996.956,0.0454,22202576.11,
600000.SH,浦发银行,20020630,13238202.6,0.6233,0.0324,1738200,0.0905,969934.8066,0.0505,19206629.83,
600000.SH,浦发银行,20011231,9715146.9,0.6025,0.0435,1580300,0.1127,879190.8607,0.0627,14022182.79,
600000.SH,浦发银行,20010630,8570719.9,0.5898,0.0389,1422400,0.1271,862840.598,0.0771,11191188.04,
600000.SH,浦发银行,20001231,6989728.8,0.5428,0.0455,1264500,0.135,702500,0.075,9366666.667,
600000.SH,浦发银行,20000630,6185000,0.5196,0.017,1106600,0.1282,675008.7363,0.0782,8631825.273,
600000.SH,浦发银行,19991231,5471900,0.5012,0.0154,948700,0.1214,557966.8863,0.0714,7814662.273,
600015.SH,华夏银行,20141231,,,,,,,,120110100,8.89
600015.SH,华夏银行,20140930,91039400,2.8983,0.0289,13257700,0.1235,9677900,0.0841,115116600,9.02
600015.SH,华夏银行,20140630,89195200,2.9149,0.0272,11721800,0.1129,9195400,0.082,112150200,8.86
600015.SH,华夏银行,20131231,82316900,3.0153,0.0273,10596900,0.1093,8582600,0.0803,106945600,8.47
600015.SH,华夏银行,20130630,77267100,3.0508,0.0279,10383900,0.1106,8256700,0.08,103227600,8.44
600015.SH,华夏银行,20121231,72016802.4,3.2034,0.0282,9470800,0.1085,7142890.5,0.0818,87321400,8.18
600015.SH,华夏银行,20120630,67059129.94,3.3545,0.0284,9106782.42,0.113,6784600,0.0842,80590995,8.42
600015.SH,华夏银行,20111231,61146291.7,3.0821,0.0282,8313900,0.1168,6206300,0.0872,71182100,8.72
600015.SH,华夏银行,20110630,57067509,2.7123,0.0267,7988600,0.1332,5877400,0.098,59974474.5,9.8
600015.SH,华夏银行,20101231,52793668.1,2.0904,0.0248,5490400,0.1058,3448000,0.0665,51872200,6.65
600015.SH,华夏银行,20100630,48902212.7,1.9412,0.0249,5198900,0.1057,3192100,0.0649,49185430.5,6.49
600015.SH,华夏银行,20091231,43022558.4,1.6684,0.025,4406900,0.102,2953984,0.0684,43186900,6.84
600015.SH,华夏银行,20090630,42591211.1,1.5336,0.0238,4261000,0.1036,2813200,0.0684,41129344,6.84
600015.SH,华夏银行,20081231,35547783.8,1.5122,0.0276,4034600,0.114,2640847,0.0746,35400100,7.46
600015.SH,华夏银行,20080630,33424578.1,1.2612,0.0259,2637400,0.0822,1446900,0.0451,32085158,4.51
600015.SH,华夏银行,20071231,30607767,1.0927,0.0246,2420400,0.0827,1258399.3,0.043,29265100,4.3
600015.SH,华夏银行,20070630,29026654.9,0.9365,0.0234,2407000,0.0909,1202176,0.0454,26479648,4.55
600015.SH,华夏银行,20061231,25976714.5,0.841,0.023,1917900,0.0828,1117122,0.0482,23176800,4.82
600015.SH,华夏银行,20060630,26083045.1,0.7211,0.0204,1760100,0.082,1074300,0.05,21464634,5.01
600015.SH,华夏银行,20051231,23368752.4,0.6943,0.0211,1625500,0.0827,999100,0.0508,19655381,5.12
600015.SH,华夏银行,20050630,20524238.9,0.702,0.022,1591600,0.0841,982900,0.0519,18925089,5.2
600015.SH,华夏银行,20041231,18111220.2,0.6146,0.0243,1507800,0.0861,918900,0.0525,17512195,5.25
600015.SH,华夏银行,20040630,17011031.6,0.64,0.0235,1381450,0.09465,797635.9482,0.05465,14595351.29,
600015.SH,华夏银行,20031231,15075575.9,0.5714,0.0241,1255100,0.1032,844030,0.0694,12161822,7.09
600015.SH,华夏银行,20030630,12431176.1,0.5591,0.0268,1128750,0.0801,705997.191,0.0501,14091760.3,
600015.SH,华夏银行,20021231,8831098.2,0.5599,0.0334,1002400,0.085,648611.7647,0.055,11792941.18,
600015.SH,华夏银行,20011231,6642245.3,0.5529,0.039,876050,0.0763,646416.9725,0.0563,11481651.38,
600015.SH,华夏银行,20001231,5658887.3,0.6084,0.0437,749700,0.0903,500630.2326,0.0603,8302325.581,
600016.SH,民生银行,20141231,,,,,,,,286271000,8.78
600016.SH,民生银行,20140930,175096900,1.9996,0.0207,32985350.5,0.1203,23937000,0.0873,274192440,8.67
600016.SH,民生银行,20140630,169628300,2.1587,0.0201,32602519.5,0.1256,22738100,0.0876,259574200,8.93
600016.SH,民生银行,20131231,157426300,2.5974,0.0221,24861500,0.1069,20278300,0.0872,232510500,8.83
600016.SH,民生银行,20130630,148497000,3.2041,0.0249,28164870,0.1166,18996000,0.0786,241551200,8.2
600016.SH,民生银行,20121231,138461000,3.1453,0.0239,21721900,0.1075,16426600,0.0813,202001100,8.13
600016.SH,民生银行,20120630,130325700,3.5236,0.0243,20052400,0.1136,14845131,0.0841,176517606,8.41
600016.SH,民生银行,20111231,120522100,3.5729,0.0223,17403400,0.1086,12602400,0.0787,160230100,7.87
600016.SH,民生银行,20110630,114227400,3.343,0.021,15992000,0.1073,11550605.8,0.0775,149040075,7.76
600016.SH,民生银行,20101231,105757100,2.7045,0.0188,13377200,0.1044,10342600,0.0807,128084700,8.07
600016.SH,民生银行,20100630,95484600,2.2942,0.018,12258600,0.1077,9469967.7,0.0832,113821727,8.33
600016.SH,民生银行,20091231,88297900,2.0604,0.0173,10765600,0.1083,8869400,0.0892,99377300,8.93
600016.SH,民生银行,20090630,90393400,1.6993,0.0147,8178900,0.0848,5690508,0.059,96449292,5.94
600016.SH,民生银行,20081231,65836000,1.5004,0.0181,7076700,0.0922,5068107,0.066,76789500,6.6
600016.SH,民生银行,20080630,61205060.1,1.142,0.0138,6567606,0.0921,4685035,0.0657,71309511,6.57
600016.SH,民生银行,20071231,55495852.8,1.1314,0.0138,6151317.6,0.1073,4242288,0.074,57328216,7.45
600016.SH,民生银行,20070630,54188494.1,1.1816,0.013,5739300,0.1084,4045041.7,0.0764,52945572,7.64
600016.SH,民生银行,20061231,44744724.8,1.1662,0.0143,3435500,0.0812,1840446,0.0435,42309113,4.36
600016.SH,民生银行,20060630,42640433.7,1.165,0.0139,2802000,0.0746,1656410.2,0.0441,37560322,4.42
600016.SH,民生银行,20051231,37807184.5,1.0339,0.0132,2622600,0.0826,1524029,0.048,31750605,4.81
600016.SH,民生银行,20050630,31775323.7,1.0846,0.0156,2249700,0.0805,1355409.3,0.0485,27946584,4.85
600016.SH,民生银行,20041231,28836214.3,1.1252,0.0147,2133900,0.0859,1252020.5,0.0504,24841676,5.06
600016.SH,民生银行,20040630,24956364.1,1.3189,0.0169,2018100,0.08605,1314520.686,0.05605,23452643.81,
600016.SH,民生银行,20031231,20177290.9,1.3041,0.0168,1902300,0.0862,1240246.636,0.0562,22068445.48,
600016.SH,民生银行,20030630,17034902.8,0.9879,0.0172,1786500,0.0711,1032702.532,0.0411,25126582.28,
600016.SH,民生银行,20021231,12834627.9,0.9377,0.0191,1670700,0.0822,1060955.474,0.0522,20324817.52,
600016.SH,民生银行,20020630,11240073.6,0.744,0.0194,1554900,0.087,1018727.586,0.057,17872413.79,
600016.SH,民生银行,20011231,7356427.6,0.7291,0.0259,1439100,0.101,869159.4059,0.061,14248514.85,
600016.SH,民生银行,20010630,4722511.2,0.7018,0.0126,1323300,0.1531,718264.0758,0.0831,8643370.346,
600016.SH,民生银行,20001231,3490917.89,0.6823,0.0134,1207500,0.2145,700856.6434,0.1245,5629370.629,
600016.SH,民生银行,20000630,2584731.395,0.6628,0.0142,1091700,0.1048,362511.0687,0.0348,10416984.73,
600016.SH,民生银行,19991231,1678544.9,0.6525,0.0132,975900,0.1321,458769.0386,0.0621,7387585.163,
600016.SH,民生银行,19981231,1114157.5,0.6031,0.0128,860100,0.1854,535358.8997,0.1154,4639158.576,
600016.SH,民生银行,19971231,949770.1,0.5843,0.0119,744300,0.261,402093.1034,0.141,2851724.138,
600036.SH,招商银行,20141231,251391900,2.3342,0.0259,37242917,0.128702026,30197700,0.1044,289373200,10.44
600036.SH,招商银行,20140630,242209200,2.5129,0.0246,33906658.5,0.117,26371845.5,0.091,289800500,9.1
600036.SH,招商银行,20131231,219709400,2.66,0.0222,30570400,0.1114,25089218,0.0914,274499100,9.14
600036.SH,招商银行,20130630,209807800,3.0472,0.0217,28643082,0.1139,20107800,0.08,251475700,8.12
600036.SH,招商银行,20121231,190446300,3.5179,0.0216,25223100,0.1214,17640140,0.0849,207775500,9.05
600036.SH,招商银行,20120630,178390300,4.0403,0.0224,22409400,0.1155,16142529,0.0832,194020779,8.93
600036.SH,招商银行,20111231,164107500,4.0013,0.0224,20295700,0.1153,14474470,0.0822,176088400,8.88
600036.SH,招商银行,20110630,155479200,3.4841,0.0213,18356400,0.1105,12974071,0.0781,166121267,8.51
600036.SH,招商银行,20101231,143145100,3.0241,0.0205,16595400,0.1147,11631900,0.0804,144688300,8.04
600036.SH,招商银行,20100630,133076500,2.9759,0.0198,15665400,0.116,10871247,0.0805,135046552,8.89
600036.SH,招商银行,20091231,118582200,2.4666,0.0202,12139800,0.1045,7700800,0.0663,116177600,6.63
600036.SH,招商银行,20090630,115216700,2.4139,0.0208,11705500,0.1063,7157643.5,0.065,110117592,7.49
600036.SH,招商银行,20081231,87436200,2.2329,0.0247,10403900,0.1134,6014900,0.0656,91720100,7.79
600036.SH,招商银行,20080630,74266000,2.1613,0.027,8432000,0.1041,7152215,0.0883,80999039,9.02
600036.SH,招商银行,20071231,67316700,1.8039,0.0279,7464600,0.104,6302000,0.0878,71808200,9.02
600036.SH,招商银行,20070630,62955300,1.6997,0.0281,6844900,0.1098,5753955,0.0923,62339709,9.27
600036.SH,招商银行,20061231,56570228.4,1.3561,0.0288,6281900,0.1139,5285900,0.0958,55150300,9.58
600036.SH,招商银行,20060630,53157671.7,1.232,0.0283,4115490.4,0.0836,3170305.998,0.0644,49228354,6.44
600036.SH,招商银行,20051231,47218500.4,1.1104,0.0286,3812200,0.0901,2358150,0.0557,42310766,5.58
600036.SH,招商银行,20050630,45257487.2,1.0595,0.0272,3727505,0.0927,2167341.099,0.0539,40210410,5.39
600036.SH,招商银行,20041231,37590727.3,1.0136,0.029,3524570,0.0955,2009665,0.0545,36906492,5.45
600036.SH,招商银行,20040630,34370307.8,1.0049,0.028,2713809.8,0.0812,1898330,0.0568,33421303,5.68
600036.SH,招商银行,20031231,30748005.6,0.8802,0.0277,2770000,0.0949,1800000,0.0617,29188620,6.18
600036.SH,招商银行,20030630,26407779.2,0.6554,0.0295,2603537.1,0.1056,1686215.3,0.0684,24654707,6.84
600036.SH,招商银行,20021231,20693127.3,0.5501,0.033,2460000,0.1257,1645466.5,0.0841,19570406,8.43
600036.SH,招商银行,20020630,17458094.7,0.5013,0.0404,1820000,0.1638,820000,0.0738,11111111.11,10.73
600036.SH,招商银行,20011231,14018548.5,0.4681,0.048,1180000,0.1026,480000,0.0417,11500975,4.23
600036.SH,招商银行,20001231,10974288.5,0.4081,0.0556,1090500,0.1171,717997.8651,0.0771,9312553.373,4.03
600036.SH,招商银行,19991231,8283503.8,0.3876,0.0444,1001000,0.1733,423388.9209,0.0733,5776110.791,4.02
601009.SH,南京银行,20141231,,,,,,,,37968465.9,8.55
601009.SH,南京银行,20140930,16731865.6,3.2198,0.0304,3096129.9,0.0866,2567093.8,0.0718,35744836.3,8.62
601009.SH,南京银行,20140630,16130165.5,3.02,0.028,3069448.2,0.092,2545929.2,0.0763,33354322.2,8.38
601009.SH,南京银行,20131231,14696140,2.9851,0.0266,3410530,0.129,2442294.6,0.0924,26440930,10.7
601009.SH,南京银行,20130630,13555547.7,2.829,0.0261,2809147.4,0.1162,2271413.9,0.0939,24178303.4,10.64
601009.SH,南京银行,20121231,12526865.5,3.1674,0.0264,2807250,0.1517,2245353,0.1213,18510740,12.13
601009.SH,南京银行,20120630,11732125.1,3.4682,0.0261,2557877.2,0.1334,1997982,0.1042,19174492,10.42
601009.SH,南京银行,20111231,10280496.9,3.2398,0.0253,2549810,0.1515,1978664.688,0.1176,16825380,11.91
601009.SH,南京银行,20110630,9390680.2,2.7003,0.0231,1903098.5,0.1243,1780614.3,0.1163,15310527,11.64
601009.SH,南京银行,20101231,8389166,2.3471,0.0227,1907440,0.1493,1792256.2,0.1403,12778950,14.03
601009.SH,南京银行,20100630,7628787.2,2.0369,0.0215,1267532.1,0.1159,1151606,0.1053,10936429,10.53
601009.SH,南京银行,20091231,6702804.9,1.7374,0.0212,1254620,0.139,1152760,0.1277,9026043,12.77
601009.SH,南京银行,20090630,6003374.4,1.6468,0.0225,1150684,0.152,1007374.6,0.1331,7570289,13.31
601009.SH,南京银行,20081231,4017952.7,1.7005,0.0279,1191560,0.2412,1021920,0.2069,4940133,20.69
601009.SH,南京银行,20080630,3445076.6,1.9186,0.0266,1053911,0.2559,929044.5,0.2256,4118449,22.56
601009.SH,南京银行,20071231,3062923.7,1.4688,0.0263,1043480,0.3014,929620,0.2685,3461990,27.38
601009.SH,南京银行,20070630,3009484.4,1.1311,0.0231,326746,0.0921,235566.5,0.0664,3547731,6.64
601009.SH,南京银行,20061231,2550499.7,1.0725,0.0265,329521.5,0.1171,236096,0.0839,2814018,8.39
601009.SH,南京银行,20051231,2006795.6,0.9443,0.0316,293989,0.1309,195618,0.0871,2245905,8.71
601009.SH,南京银行,20041231,1564770.5,0.76,0.0332,184074.8,0.1143,168614,0.1047,1610453,10.47
601009.SH,南京银行,20031231,1242583.2,0.7097,0.04,180329,0.1168,164889.8733,0.1068,1543912.671,10.68
601009.SH,南京银行,20021231,740827,0.6578,0.0694,176583.2,0.2276,98998.31424,0.1276,775848.8576,
601166.SH,兴业银行,20141231,,,,,,,,291112500,8.7
601166.SH,兴业银行,20140930,149212100,2.8142,0.0279,33377482,0.1332,23605600,0.0942,250581700,9.86
601166.SH,兴业银行,20140630,143097400,3.0574,0.0296,29468500,0.1309,23141100,0.0935,246841000,9.58
601166.SH,兴业银行,20131231,135705700,3.521,0.0268,25018300,0.1192,20115300,0.0921,231047100,9.21
601166.SH,兴业银行,20130630,133907700,4.1011,0.0234,23053650,0.10513646,19252222,0.0878,219273599,8.78
601166.SH,兴业银行,20121231,122916500,4.6582,0.02,21089000,0.1206,16241650,0.0929,174829350,9.29
601166.SH,兴业银行,20120630,105800700,4.5595,0.0182,16886200,0.1125,12548323,0.0836,150099556,8.43
601166.SH,兴业银行,20111231,98325400,3.853,0.0146,14871500,0.1104,11048310,0.082,134735500,8.2
601166.SH,兴业银行,20110630,92947400,3.7996,0.0133,13515200,0.1122,9925601,0.0824,120456328,8.33
601166.SH,兴业银行,20101231,85433900,3.2551,0.0138,11378500,0.1122,8781980,0.088,99170200,8.8
601166.SH,兴业银行,20100630,79249678.5,2.788,0.0137,10538300,0.1196,8185686,0.0929,88112876,9.47
601166.SH,兴业银行,20091231,70159746.1,2.5493,0.0137,7702700,0.1075,5666300,0.0791,71305700,7.91
601166.SH,兴业银行,20090630,64103324.9,2.1878,0.0147,6484400,0.0921,5217091,0.0741,70406080,7.46
601166.SH,兴业银行,20081231,49938642.9,2.2658,0.0188,5771700,0.1124,4590658,0.0894,51349644,9.02
601166.SH,兴业银行,20080630,44152411.5,1.7438,0.0182,5352700,0.1085,4188426,0.0849,49333641,8.53
601166.SH,兴业银行,20071231,40014277.7,1.5521,0.0178,4785900,0.1173,3602685,0.0883,40800512,8.89
601166.SH,兴业银行,20070630,37805647.6,1.52,0.0179,4635000,0.1124,3348416,0.0812,41236655,8.12
601166.SH,兴业银行,20061231,32451191.9,1.2603,0.0193,2880100,0.0871,1586400,0.048,33066590,4.8
601166.SH,兴业银行,20060630,29225753.7,1.0028,0.0201,2184100,0.0717,1404100,0.0461,30461646,4.61
601166.SH,兴业银行,20051231,24257150.7,0.9044,0.0211,2088930,0.082,1069939.756,0.042,25474756.1,4.97
601166.SH,兴业银行,20041231,20301081.7,0.8701,0.0218,1993760,0.0783,975236.3729,0.0383,25463090.68,4.66
601166.SH,兴业银行,20031231,15694500,0.9272,0.0237,1898590,0.0874,1029670.092,0.0474,21722997.71,4.37
601169.SH,北京银行,20141231,,,,,,,,104827200,9.83
601169.SH,北京银行,20140930,66870000,3.3657,0.0274,12172645.2,0.1024,6228970.786,0.0524,118873488.3,
601169.SH,北京银行,20140630,64450900,3.6797,0.0273,10944722.6,0.1059,8763600,0.0848,103349600,9.11
601169.SH,北京银行,20131231,58486183.3,3.8591,0.0274,9716800,0.1094,7825990,0.0881,88788420,9.62
601169.SH,北京银行,20130630,54726082.5,4.2701,0.0273,9643939.9,0.1225,7611133,0.0967,78726040,10.44
601169.SH,北京银行,20121231,49672023.4,4.1996,0.0267,8663820,0.129,7082830,0.109,65001600,10.9
601169.SH,北京银行,20120630,45373560.8,4.5034,0.0246,7915162.9,0.1318,6581956,0.1096,60054347,10.96
601169.SH,北京银行,20111231,40560951.5,4.4639,0.0235,6194090,0.1206,4924460,0.0959,51355910,9.59
601169.SH,北京银行,20110630,37550881.2,3.3424,0.0196,5739125.6,0.1227,4527688,0.0968,46773640,9.68
601169.SH,北京银行,20101231,33473177.2,3.0712,0.0213,5003640,0.1262,4166410,0.1051,39654300,10.51
601169.SH,北京银行,20100630,31029407.2,2.5513,0.0195,4544966.6,0.1247,3916562.7,0.1075,36447206,10.75
601169.SH,北京银行,20091231,27348094.2,2.1569,0.0221,4219800,0.1435,3640400,0.1238,29412730,12.38
601169.SH,北京银行,20090630,24982368.2,2.0041,0.0228,4022109.9,0.1612,3362150,0.1348,24951054,13.48
601169.SH,北京银行,20081231,19307370,1.8023,0.0279,3798610,0.1966,3171560,0.1642,19318610,16.42
601169.SH,北京银行,20080630,17610760.6,1.4092,0.0245,3393429.5,0.1914,2868635,0.1618,17729517,16.19
601169.SH,北京银行,20071231,15720810.1,1.1988,0.0247,3170942.6,0.2011,2754016,0.1747,15767989,17.47
601169.SH,北京银行,20061231,12957731.7,0.8727,0.0313,1463600,0.1278,984000,0.0859,11452269,8.6
601169.SH,北京银行,20051231,11178256.2,0.8197,0.0359,1246000,0.1206,784174,0.0759,10331675,7.59
601169.SH,北京银行,20041231,10902628.2,0.8361,0.0379,456500,0.0501,347159,0.0381,9111776,3.81
601288.SH,农业银行,20141231,809806700,2.8653,0.0442,138587945,0.1277,98620600,0.0909,1085261900,9.91
601288.SH,农业银行,20140630,784090700,3.4641,0.0431,125168760,0.1201,90116300,0.0865,1042204500,9.75
601288.SH,农业银行,20131231,722471300,3.6704,0.0446,107496700,0.1186,83847400,0.0925,906563100,9.81
601288.SH,农业银行,20130630,694612000,3.4454,0.043,108695442,0.1262,78480000,0.0911,861295100,9.81
601288.SH,农业银行,20121231,643339900,3.2614,0.0435,91004800,0.1261,69780440,0.0967,721617800,9.67
601288.SH,农业银行,20120630,608010400,2.9626,0.0412,81868200,0.1202,65726134,0.0965,681099834,9.65
601288.SH,农业银行,20111231,562870500,2.631,0.0408,76301000,0.1194,60214560,0.095,638837500,9.5
601288.SH,农业银行,20110630,538391300,2.1758,0.0364,71678200,0.1191,56331482,0.0936,601832074,9.36
601288.SH,农业银行,20101231,495674100,1.6805,0.034,62412400,0.1159,52508300,0.0975,538369400,9.75
601288.SH,农业银行,20100630,462398300,1.3611,0.0315,42996700,0.0831,34769400,0.0672,517409146,6.72
601288.SH,农业银行,20091231,413818700,1.0537,0.0306,44034900,0.1007,33837100,0.0774,437300600,7.74
601288.SH,农业银行,20081231,310015900,0.6353,0.0275,31948300,0.0941,27306260,0.0804,339630100,8.04
601288.SH,农业银行,20071231,347417400,0.9342,0.0202,31042600,0.1002,24846472.26,0.0802,309806387.2,8.02
601288.SH,农业银行,20061231,314984900,0.0508,0.0119,30136900,0.0919,23578271.06,0.0719,327931447.2,
601288.SH,农业银行,20051231,282929100,0.0487,0.0127,29231200,0.0927,22924576.48,0.0727,315331175.8,
601288.SH,农业银行,20041231,250873300,0.0463,0.0132,28325500,0.0932,22247066.52,0.0732,303921673.8,
601288.SH,农业银行,20031231,218817500,0.0428,0.0142,27419800,0.0942,21598186.41,0.0742,291080679.4,
601288.SH,农业银行,20021231,186761700,0.0417,0.0129,26514100,0.0929,20806005.27,0.0729,285404736.3,
601328.SH,交通银行,20141231,,,,,,,,416447700,11.02
601328.SH,交通银行,20140930,347914800,2.0129,0.0234,56629355,0.1381,45498600,0.111,410060500,11.03
601328.SH,交通银行,20140630,343376900,2.0416,0.023,54126715,0.1318,43959500,0.107,410673100,10.75
601328.SH,交通银行,20131231,326636800,2.1365,0.0224,51648200,0.1208,41696500,0.0976,427406800,9.76
601328.SH,交通银行,20130630,320141700,2.2292,0.022,54410831,0.1385,39835800,0.1014,392857988,11.2
601328.SH,交通银行,20121231,294729900,2.5068,0.023,45607500,0.1407,36445740,0.1124,324250350,11.24
601328.SH,交通银行,20120630,280592000,2.7353,0.0223,38223300,0.1257,29131202,0.0958,304083532,9.58
601328.SH,交通银行,20111231,256175000,2.5637,0.022,35244400,0.1244,26262920,0.0927,283310900,9.27
601328.SH,交通银行,20110630,243305600,2.1389,0.021,32072300,0.122,24737733,0.0941,262887705,9.41
601328.SH,交通银行,20101231,223692700,1.8584,0.0208,29855300,0.1236,22729600,0.0937,241625500,9.37
601328.SH,交通银行,20100630,207056800,1.6117,0.0197,26156800,0.1217,19214609,0.0894,214928513,8.94
601328.SH,交通银行,20091231,183931400,1.5105,0.0205,22644320,0.12,15379300,0.0815,184935200,8.15
601328.SH,交通银行,20090630,172921800,1.23,0.0185,20122600,0.1257,14103429,0.0881,160084328,8.81
601328.SH,交通银行,20081231,132859000,1.1683,0.0224,18544700,0.1347,13134100,0.0954,135143800,9.54
601328.SH,交通银行,20080630,124229700,1.0765,0.0197,18110700,0.1406,12855248,0.0998,128810100,9.98
601328.SH,交通银行,20071231,110446000,0.9563,0.0196,16785800,0.1444,12016600,0.1027,113928700,10.27
601328.SH,交通银行,20070630,113071000,1.0516,0.0175,16079500,0.1417,11404303,0.1005,113475653,10.05
601328.SH,交通银行,20061231,89736000,1.1469,0.023,10630300,0.1083,8313800,0.0852,94200900,8.52
601328.SH,交通银行,20051231,75333000,1.0824,0.026,9100900,0.112,7134456,0.0878,81258036,8.89
601328.SH,交通银行,20041231,63289400,0.8496,0.0249,6672700,0.0972,4647600,0.0677,68649177,6.91
601398.SH,工商银行,20141231,,,,,,,,1247593900,11.49
601398.SH,工商银行,20140930,1085365200,2.166,0.023,167046210,0.1387,141995300,0.1179,1204370653,11.27
601398.SH,工商银行,20140630,1064611500,2.3802,0.0236,160803552,0.1356,134694600,0.1136,1185866900,11
601398.SH,工商银行,20131231,992237400,2.5719,0.0243,157226500,0.1312,126685900,0.1057,1198218700,10.62
601398.SH,工商银行,20130630,943764200,2.8816,0.025,151631134,0.1365,116469900,0.1048,1110850800,10.8
601398.SH,工商银行,20121231,880369200,2.9555,0.025,129901400,0.1366,101008997,0.1062,951120500,10.62
601398.SH,工商银行,20120630,842403700,2.814,0.0251,122436800,0.1356,93712400,0.1038,902926254,10.38
601398.SH,工商银行,20111231,778889700,2.6692,0.025,111246300,0.1317,85035500,0.1007,844726300,10.07
601398.SH,工商银行,20110630,733404000,2.6114,0.0247,99928000,0.1233,79561300,0.0982,810446067,9.82
601398.SH,工商银行,20101231,679050600,2.282,0.0246,87237300,0.1227,70919300,0.0997,711235700,9.97
601398.SH,工商银行,20100630,635438400,1.8981,0.0239,75979100,0.1134,63047913,0.0941,670009700,9.41
601398.SH,工商银行,20091231,572862600,1.6441,0.0254,73195600,0.1236,58643100,0.099,592133000,9.9
601398.SH,工商银行,20090630,543646900,1.382,0.0251,66432800,0.1209,54783707,0.0997,549485525,9.97
601398.SH,工商银行,20081231,457199400,1.3015,0.0297,62003300,0.1306,51054900,0.1075,474889300,10.75
601398.SH,工商银行,20080630,435536500,1.1608,0.028,57013800,0.1246,47267460,0.1033,457574639,10.33
601398.SH,工商银行,20071231,407322900,1.035,0.0284,57674100,0.1309,48408500,0.1099,440534500,10.99
601398.SH,工商银行,20070630,391560600,0.8125,0.0267,55224100,0.1367,47779000,0.1183,403980249,11.83
601398.SH,工商银行,20061231,363117100,0.7056,0.0268,53080500,0.1405,46201900,0.1223,377917000,12.23
601398.SH,工商银行,20060630,346108000,0.6037,0.0248,36955100,0.1074,30854400,0.0897,344088454.4,8.97
601398.SH,工商银行,20051231,328955300,0.542,0.0254,31184400,0.0989,25558600,0.0811,315312436.8,8.11
601398.SH,工商银行,20041231,370774800,0.7628,0.0161,26411500,0.07705,22983660.93,0.06705,342783906.6,
601398.SH,工商银行,20031231,340227700,0.7715,0.0187,21638600,0.0552,17295300,0.0441,392003623,4.77
601818.SH,光大银行,20141231,,,,,,,,189823100,9.95
601818.SH,光大银行,20140930,127214400,1.97,0.021,22467072.06,0.1242,17115300,0.0946,180894300,
601818.SH,光大银行,20140630,124535600,1.8549,0.0207,20321500,0.1182,16329000,0.0897,181954700,9.52
601818.SH,光大银行,20131231,116631000,2.4102,0.0207,17535100,0.1057,15112100,0.0911,165886100,9.63
601818.SH,光大银行,20130630,110455400,2.9283,0.0234,15901800,0.1055,12522900,0.0831,150727962,8.34
601818.SH,光大银行,20121231,102318700,3.3963,0.0253,15210300,0.1099,11072102,0.08,138401274,8
601818.SH,光大银行,20120630,97248698.3,3.7107,0.0239,14199500,0.1114,10260859,0.0805,127464093,8.05
601818.SH,光大银行,20111231,89036500,3.67,0.0236,11989000,0.1057,8949216,0.0789,113424787,7.89
601818.SH,光大银行,20110630,85117900,3.5861,0.0241,11470800,0.1082,8544792,0.0806,106014787,8.06
601818.SH,光大银行,20101231,77951800,3.1338,0.0234,10331200,0.1102,7640588,0.0815,93749546,8.15
601818.SH,光大银行,20100630,72585539.8,2.3814,0.0225,7825312.4,0.0936,5350641,0.064,83603765,6.4
601818.SH,光大银行,20091231,64896900,1.9466,0.0243,7051200,0.1039,4641983,0.0684,67865255,6.84
601818.SH,光大银行,20081231,46848700,1.5125,0.03,4370500,0.091,2870500,0.0598,48027473,5.98
601818.SH,光大银行,20071231,41756700,0.9281,0.0411,2670800,0.0719,2303054,0.062,37146036,6.2
601818.SH,光大银行,20061231,33424730.2,0.9018,0.0387,381048.901,0.0139,381048.901,0.0139,27413590,0.39
601818.SH,光大银行,20051231,28550394.8,0.8573,0.0352,302981,0.0147,302981,0.0147,20610952.38,1.47
601818.SH,光大银行,20041231,23676059.4,0.8619,0.0329,1126959.528,0.0455,1126959.528,0.0455,24768341.28,
601939.SH,建设银行,20141231,,,,,,,,1020364300,12.09
601939.SH,建设银行,20140930,934948900,2.3447,0.0282,148467803,0.145,119286200,0.1165,1023915880,11.89
601939.SH,建设银行,20140630,919060100,2.4887,0.0259,143959209,0.1424,113288400,0.1121,1010949500,11.7
601939.SH,建设银行,20131231,859005700,2.6822,0.0266,131672400,0.1334,106170000,0.1075,987279000,11.14
601939.SH,建设银行,20130630,809505200,2.652,0.0263,131564860,0.1418,98905600,0.1066,927819887,11.37
601939.SH,建设银行,20121231,751231200,2.7129,0.0269,109342900,0.1432,86477850,0.1132,763770500,11.32
601939.SH,建设银行,20120630,706134300,2.6238,0.0262,99977600,0.1382,80951472,0.1119,723426918,11.19
601939.SH,建设银行,20111231,649641100,2.4144,0.0264,92450600,0.1368,74158480,0.1097,676011700,10.97
601939.SH,建设银行,20110630,614038700,2.4468,0.0253,82335500,0.1251,68580009,0.1042,658157474,10.42
601939.SH,建设银行,20101231,566912800,2.2114,0.0252,76244900,0.1268,62559420,0.104,601532900,10.4
601939.SH,建设银行,20100630,534938200,2.0472,0.0249,65776100,0.1168,52204148,0.0927,563151541,9.27
601939.SH,建设银行,20091231,481977300,1.7577,0.0263,60823300,0.117,48394400,0.0931,519754500,9.31
601939.SH,建设银行,20090630,452535700,1.5051,0.0257,58549000,0.1197,45489198,0.093,489131161,9.3
601939.SH,建设银行,20081231,379394300,1.3158,0.0291,51041600,0.1216,42672400,0.1017,419649300,10.17
601939.SH,建设银行,20080630,353753700,1.1723,0.0259,49004000,0.1206,40958567,0.1008,406334992,10.08
601939.SH,建设银行,20071231,327215700,1.0441,0.0272,46318200,0.1258,38203100,0.1037,368312300,10.37
601939.SH,建设银行,20070630,316537300,0.9067,0.0268,39395000,0.1134,32759687,0.0943,347398589,9.43
601939.SH,建设银行,20061231,287351600,0.8224,0.027,37439500,0.1211,30672500,0.0992,309108900,9.92
601939.SH,建设银行,20051231,245839800,0.6678,0.0257,34810400,0.1359,28391400,0.1108,256147167,11.08
601939.SH,建设银行,20041231,222742600,0.6164,0.0242,25598800,0.1129,19423800,0.0857,226738707,8.6
601939.SH,建设银行,20031231,212213400,0.4084,0.0372,12683000,0.0651,11442200,0.0587,194823349,5.88
601939.SH,建设银行,20021231,176638800,0.1015,0.0154,10939000,0.0691,9150133.14,0.0578,158306801.7,5.78
601939.SH,建设银行,20011231,150590600,0.0794,0.0153,9195000,0.0688,7858517.442,0.0588,133648255.8,6.59
601988.SH,中国银行,20141231,,,,,,,,993410500,11.04
601988.SH,中国银行,20140930,844440300,2.077,0.0221,127022571,0.1346,99183300,0.1051,943704091,10.78
601988.SH,中国银行,20140630,842459500,2.1702,0.0221,123873645,0.1314,95348200,0.1011,942721800,10.45
601988.SH,中国银行,20131231,760779100,2.2935,0.0221,117334700,0.1246,91364600,0.097,941872600,10.73
601988.SH,中国银行,20130630,743963300,2.3896,0.0223,121496872,0.1333,84467800,0.0927,911454400,10.47
601988.SH,中国银行,20121231,686469600,2.363,0.0225,98865800,0.1363,76426100,0.1054,725323000,10.54
601988.SH,中国银行,20120630,675366400,2.3256,0.0219,92095900,0.13,71905645,0.1015,708430000,10.15
601988.SH,中国银行,20111231,634281400,2.2075,0.022,86427100,0.1298,67124400,0.1008,665603400,10.07
601988.SH,中国银行,20110630,621652400,2.1729,0.0217,84818900,0.1295,65562717,0.1001,654972201,10.01
601988.SH,中国银行,20101231,566062100,1.9667,0.0217,74070400,0.1258,59378700,0.1009,588717000,10.09
601988.SH,中国银行,20100630,539187900,1.8844,0.0226,65769400,0.1173,52312745,0.0933,560693947,9.33
601988.SH,中国银行,20091231,491035800,1.5117,0.023,57502400,0.1114,46823100,0.0907,516384800,9.07
601988.SH,中国银行,20090630,431347400,1.3896,0.025,57326900,0.1153,46885747,0.0943,497197745,9.43
601988.SH,中国银行,20081231,329614600,1.2172,0.0323,53279300,0.1343,42875100,0.1081,396694300,10.81
601988.SH,中国银行,20080630,324284000,1.2039,0.0311,54260700,0.1378,42723410,0.1085,393764151,10.85
601988.SH,中国银行,20071231,285056100,1.0818,0.0337,50064000,0.1334,40045400,0.1067,375410800,10.67
601988.SH,中国银行,20070630,267113000,1.0392,0.037,50105500,0.1339,42359541,0.1132,374200896,11.32
601988.SH,中国银行,20061231,243180600,0.96,0.0388,47136200,0.1359,39685500,0.1144,346901700,11.44
601988.SH,中国银行,20060630,240553600,0.8744,0.0366,45202700,0.124,38641018,0.106,364537903,10.6
601988.SH,中国银行,20051231,223504600,0.8055,0.0372,32623700,0.1042,25297000,0.0808,313087332,8.08
601988.SH,中国银行,20041231,214646200,0.6802,0.0348,27047800,0.1004,22844700,0.0848,269400398,8.5
601988.SH,中国银行,20031231,215747300,0.6729,0.01095,20415800,0.0769,18878000,0.0711,265485046,
601998.SH,中信银行,20141231,218790800,1.8126,0.0236,40426104,0.137427702,26278600,0.0893,294162700,9.67
601998.SH,中信银行,20140630,211914400,1.9268,0.023,34823652,0.1253,24196500,0.0871,277922200,9.51
601998.SH,中信银行,20131231,194117500,2.0662,0.0213,29221200,0.1124,22838000,0.0878,260049400,9.05
601998.SH,中信银行,20130630,182455200,2.2393,0.0201,30826048,0.1289,21333400,0.0892,239147000,9.63
601998.SH,中信银行,20121231,166290100,2.8825,0.0212,26344100,0.1344,19398200,0.0989,196012649,9.89
601998.SH,中信银行,20120630,153535200,2.7318,0.0167,24642000,0.1344,18429400,0.100515841,183348214,10.05
601998.SH,中信银行,20111231,143403700,2.7231,0.0162,20986800,0.1227,16946600,0.0991,171041565,9.91
601998.SH,中信银行,20110630,135481900,2.3823,0.0148,17246800,0.114,13415500,0.0887,151287719,8.87
601998.SH,中信银行,20101231,126424500,2.1351,0.0144,15661400,0.1131,11698800,0.0845,138526200,8.45
601998.SH,中信银行,20100630,119283800,1.6992,0.0138,14873200,0.1095,11219000,0.0826,135828311,8.26
601998.SH,中信银行,20091231,106564900,1.4936,0.0142,11858800,0.1072,10152700,0.0917,110664800,9.17
601998.SH,中信银行,20090630,98874800,1.5005,0.0167,11377200,0.1204,9874729,0.1045,94495017,10.45
601998.SH,中信银行,20081231,66492400,1.5003,0.0204,10687000,0.1432,9199300,0.1232,74654700,12.32
601998.SH,中信银行,20080630,63381200,1.1541,0.0168,10288100,0.1428,8890417,0.1234,72045518,12.34
601998.SH,中信银行,20071231,57520800,1.1001,0.0162,9517100,0.1527,8189400,0.1314,62330000,13.14
601998.SH,中信银行,20070630,53551900,0.8519,0.0156,9045200,0.1599,7790400,0.1377,56567855,13.78
601998.SH,中信银行,20061231,46316700,0.8462,0.0211,4441100,0.0941,3102700,0.0657,47195700,6.57
601998.SH,中信银行,20051231,37025400,0.7988,0.033,3015900,0.0811,2126900,0.0572,37187423,5.72
601998.SH,中信银行,20041231,30657100,0.7758,0.0488,2907000,0.08505,2565201.058,0.07505,34179894.18,
601998.SH,中信银行,20031231,26189100,0.147,0.0119,2798100,0.089,2483706.742,0.079,31439325.84,7.63
