stockid,stockname,year,quarter,rf,SV,sigma_SV,AV,sigma_AV,DP,DD,EDF
1,平安银行,1991,4,0.0189,1355703680,0.480538934,1431487740,0.455098834,77230000,2.078777323,0.018818911
1,平安银行,1992,4,0.0189,3531376640,0.247659221,3723602227,0.234874172,195893200,4.033612865,2.75E-05
1,平安银行,1993,4,0.027449999,1987998848,0.118391007,9882694629,0.023815487,8114406912,7.51308127,2.89E-14
1,平安银行,1994,2,0.027449999,1343602304,0.279159069,12000064283,0.031258524,10953039872,2.791288738,0.002624931
1,平安银行,1994,4,0.027449999,4834058240,0.240869716,18288204536,0.063668296,13828578304,3.830047524,6.41E-05
1,平安银行,1995,2,0.027449999,4295666176,0.315688074,19445591458,0.069748212,15571603456,2.856301426,0.00214304
1,平安银行,1995,4,0.027449999,3718931712,0.098639257,21573957871,0.017003494,18351935488,8.783357422,7.93E-19
1,平安银行,1996,2,0.022950001,9634626560,0.384855151,31107187841,0.119290679,21971875840,2.461819015,0.00691172
1,平安银行,1996,4,0.018674999,17989625856,0.252041966,44963499020,0.100840492,27482343424,3.855450068,5.78E-05
1,平安银行,1997,2,0.018674999,35833319424,0.365675628,62873024846,0.208413492,27549466624,2.695716766,0.003511868
1,平安银行,1997,4,0.014175001,37572927488,0.137456849,65571173030,0.078764127,28397946880,7.197618681,3.06E-13
1,平安银行,1998,2,0.013049999,31378833408,0.115013488,62072059680,0.058141925,31096397824,8.58291928,4.62E-18
1,平安银行,1998,4,0.00945,23858921472,0.131363407,59246417929,0.052900906,35723493376,7.505266275,3.07E-14
1,平安银行,1999,2,0.005625,26050906112,0.267132521,60650297163,0.114740523,34794561536,3.71541338,0.000101436
1,平安银行,1999,4,0.005625,31817074688,0.141386986,74544199201,0.06034702,42968141824,7.019209733,1.12E-12
1,平安银行,2000,2,0.005625,28596920320,0.094311997,74989054264,0.035965685,46653825024,10.50607563,4.05E-26
1,平安银行,2000,4,0.005625,28787304448,0.10116186,90925409662,0.032028201,62488616960,9.764787704,7.97E-23
1,平安银行,2001,2,0.005625,30899007488,0.089029744,1.11E+11,0.024857364,80219602944,11.06863162,8.90E-29
1,平安银行,2001,4,0.005625,25458370560,0.157882512,1.41E+11,0.028445235,1.16E+11,6.171246263,3.39E-10
1,平安银行,2002,1,0.00495,21244563456,0.221540764,1.28E+11,0.036886985,1.07E+11,4.401712834,5.37E-06
1,平安银行,2002,2,0.00495,22189506560,0.194785073,1.52E+11,0.028381078,1.31E+11,4.984494802,3.11E-07
1,平安银行,2002,3,0.00495,28889470976,0.138499185,1.84E+11,0.021735658,1.56E+11,7.027787,1.05E-12
1,平安银行,2002,4,0.00495,23824519168,0.125472128,1.84E+11,0.016257002,1.61E+11,7.704207241,6.58E-15
1,平安银行,2003,1,0.00495,21552412672,0.167961687,1.77E+11,0.020452708,1.56E+11,5.740661366,4.72E-09
1,平安银行,2003,2,0.00495,23792037888,0.186909825,1.90E+11,0.02337736,1.67E+11,5.164454282,1.21E-07
1,平安银行,2003,3,0.00495,20398407680,0.107551947,2.06E+11,0.010675869,1.86E+11,8.879159006,3.37E-19
1,平安银行,2003,4,0.00495,16651133952,0.153530821,1.74E+11,0.014659582,1.59E+11,6.207170982,2.70E-10
1,平安银行,2004,1,0.00495,20023203840,0.173355713,2.23E+11,0.015584877,2.04E+11,5.478707767,2.14E-08
1,平安银行,2004,2,0.00495,18308888576,0.149748698,2.10E+11,0.013079731,1.92E+11,6.331606596,1.21E-10
1,平安银行,2004,3,0.00495,16045662208,0.110655844,2.10E+11,0.008472676,1.94E+11,8.496193133,9.80E-18
1,平安银行,2004,4,0.005625,13884557312,0.138601065,1.89E+11,0.01016707,1.76E+11,6.700834554,1.04E-11
1,平安银行,2005,1,0.005625,12074521600,0.16521807,1.88E+11,0.010619503,1.77E+11,5.555570212,1.38E-08
1,平安银行,2005,2,0.005625,12072853504,0.287310869,1.97E+11,0.01764394,1.86E+11,3.179883186,0.000736672
1,平安银行,2005,3,0.005625,11706478592,0.135858238,2.03E+11,0.007819528,1.93E+11,6.680753844,1.19E-11
1,平安银行,2005,4,0.005625,11372033024,0.15148662,2.27E+11,0.007597618,2.17E+11,5.896029854,1.86E-09
1,平安银行,2006,1,0.005625,12396624896,0.139868304,2.18E+11,0.007966247,2.06E+11,6.481818518,4.53E-11
1,平安银行,2006,2,0.005625,14816787456,0.263507247,2.50E+11,0.015590198,2.37E+11,3.454368921,0.000275791
1,平安银行,2006,3,0.0063,14224858112,0.16081357,2.53E+11,0.009056144,2.40E+11,5.559823875,1.35E-08
1,平安银行,2006,4,0.0063,21970278400,0.216892287,2.74E+11,0.017409602,2.53E+11,4.276706741,9.48E-06
1,平安银行,2007,1,0.006975,35081125888,0.28352356,3.12E+11,0.031888032,2.79E+11,3.331906456,0.000431266
1,平安银行,2007,2,0.00765,52690829312,0.314184397,3.56E+11,0.046562847,3.05E+11,3.041451103,0.001177204
1,平安银行,2007,3,0.009,73207332864,0.26490131,4.01E+11,0.048309523,3.31E+11,3.621923746,0.00014621
1,平安银行,2007,4,0.01035,83105939456,0.259023398,4.18E+11,0.05146689,3.39E+11,3.698645179,0.000108377
1,平安银行,2008,1,0.01035,77447184384,0.324928433,4.64E+11,0.054231717,3.91E+11,2.916614035,0.001769267
1,平安银行,2008,2,0.01035,57983442944,0.332537949,4.72E+11,0.040894991,4.18E+11,2.781987757,0.002701354
1,平安银行,2008,3,0.01035,45310894080,0.31094408,4.59E+11,0.03071922,4.18E+11,2.909616667,0.001809361
1,平安银行,2008,4,0.008055,30457063424,0.353987038,4.80E+11,0.022510721,4.53E+11,2.483113657,0.006511976
1,平安银行,2009,1,0.008055,41807310848,0.280741602,5.37E+11,0.021844125,5.00E+11,3.220180203,0.00064055
1,平安银行,2009,2,0.008055,56654311424,0.196843922,5.70E+11,0.01957699,5.17E+11,4.708138791,1.25E-06
1,平安银行,2009,3,0.008055,68462579712,0.247987837,5.93E+11,0.028619509,5.29E+11,3.782443773,7.76E-05
1,平安银行,2009,4,0.008055,74365820928,0.190783069,6.31E+11,0.022496296,5.61E+11,4.924441541,4.23E-07
1,平安银行,2010,1,0.008055,69880823808,0.177491933,6.55E+11,0.018923823,5.90E+11,5.252251616,7.51E-08
1,平安银行,2010,2,0.008055,59641954304,0.216646165,6.41E+11,0.020151337,5.86E+11,4.251809504,1.06E-05
1,平安银行,2010,3,0.008055,60593876992,0.071312822,6.91E+11,0.006251054,6.36E+11,12.8423464,4.75E-38
1,平安银行,2010,4,0.0065625,60618100736,0.163913891,7.40E+11,0.013428932,6.84E+11,5.650641467,7.99E-09
1,平安银行,2011,1,0.0075,55337209856,0.12088751,8.07E+11,0.008286269,7.58E+11,7.425913066,5.60E-14
1,平安银行,2011,2,0.008125,60658663424,0.142629638,8.47E+11,0.010218983,7.92E+11,6.270035863,1.80E-10
1,平安银行,2011,3,0.00875,80638844928,0.14262408,1.15E+12,0.010011109,1.08E+12,6.195193939,2.91E-10
1,平安银行,2011,4,0.00875,82281865216,0.116220824,1.17E+12,0.008151546,1.10E+12,7.601802583,1.46E-14
1,平安银行,2012,1,0.00875,84082130944,0.111586817,1.30E+12,0.007201107,1.23E+12,7.819967891,2.64E-15
1,平安银行,2012,2,0.008125,80778739712,0.107380107,1.44E+12,0.006014866,1.37E+12,8.032363509,4.78E-16
1,平安银行,2012,3,0.0075,74069458944,0.094949581,1.42E+12,0.004955366,1.36E+12,9.091991045,4.86E-20
1,平安银行,2012,4,0.0075,70255411200,0.136321411,1.57E+12,0.006110452,1.51E+12,6.158809367,3.66E-10
1,平安银行,2013,1,0.0075,1.05411E+11,0.312169194,1.80E+12,0.018256413,1.71E+12,2.81350825,0.002450206
1,平安银行,2013,2,0.0075,1.00034E+11,0.22828652,1.81E+12,0.012590705,1.73E+12,3.815506125,6.80E-05
1,平安银行,2013,3,0.0075,87444054016,0.228799775,1.83E+12,0.010956782,1.75E+12,3.716439479,0.000101025
1,平安银行,2013,4,0.0075,1.06481E+11,0.195681661,1.86E+12,0.011183746,1.77E+12,4.475675146,3.81E-06
1,平安银行,2014,1,0.0075,1.06104E+11,0.149432778,2.06E+12,0.007711877,1.96E+12,5.766168679,4.05E-09
1,平安银行,2014,2,0.0075,1.08114E+11,0.106953159,2.09E+12,0.005532319,2.00E+12,8.059508577,3.83E-16
1,平安银行,2014,3,0.0075,1.17124E+11,0.103077844,2.09E+12,0.005777752,1.99E+12,8.471477634,1.21E-17
2142,宁波银行,2007,3,0.009,66450001920,0.26567322,1.31E+11,0.134926063,64974073856,3.731047218,9.53E-05
2142,宁波银行,2007,4,0.01035,51032915968,0.254461974,1.17E+11,0.111191464,66440171520,3.877179185,5.28E-05
2142,宁波银行,2008,1,0.01035,45074575360,0.269517601,1.17E+11,0.10343271,73130680320,3.648345118,0.000131967
2142,宁波银行,2008,2,0.01035,32922130432,0.297716022,1.10E+11,0.088802406,78260436992,3.276594877,0.000525335
2142,宁波银行,2008,3,0.01035,22955952128,0.312746167,1.12E+11,0.064168827,89869557760,3.068083585,0.001077182
2142,宁波银行,2008,4,0.008055,17255952384,0.30473724,1.08E+11,0.048707209,91457290240,3.141443265,0.000840587
2142,宁波银行,2009,1,0.008055,21211404288,0.231360033,1.26E+11,0.038889164,1.06E+11,4.149256067,1.67E-05
2142,宁波银行,2009,2,0.008055,26204508160,0.169837251,1.40E+11,0.03176216,1.15E+11,5.680981282,6.70E-09
2142,宁波银行,2009,3,0.008055,31853787136,0.223847717,1.61E+11,0.044398752,1.30E+11,4.321294358,7.76E-06
2142,宁波银行,2009,4,0.008055,36881248256,0.204583913,1.86E+11,0.040495323,1.51E+11,4.727786208,1.13E-06
2142,宁波银行,2010,1,0.008055,38832758784,0.179611042,2.06E+11,0.033795938,1.69E+11,5.373309687,3.87E-08
2142,宁波银行,2010,2,0.008055,31715416064,0.24445647,2.26E+11,0.034248854,1.96E+11,3.887630991,5.06E-05
2142,宁波银行,2010,3,0.008055,30798016512,0.149796247,2.50E+11,0.018470797,2.21E+11,6.291869979,1.57E-10
2142,宁波银行,2010,4,0.0065625,36639047680,0.1800946,2.78E+11,0.023724214,2.43E+11,5.311670972,5.43E-08
2142,宁波银行,2011,1,0.0075,37132173312,0.15313682,2.86E+11,0.019916879,2.50E+11,6.201287454,2.80E-10
2142,宁波银行,2011,2,0.008125,35087114240,0.116857313,2.74E+11,0.014945654,2.41E+11,8.081406444,3.20E-16
2142,宁波银行,2011,3,0.00875,29600864256,0.146015212,2.39E+11,0.018113902,2.11E+11,6.423615774,6.65E-11
2142,宁波银行,2011,4,0.00875,27529431040,0.119238362,2.63E+11,0.012496281,2.37E+11,7.756986466,4.35E-15
2142,宁波银行,2012,1,0.00875,27913394176,0.116755746,2.66E+11,0.012235534,2.41E+11,7.921892508,1.17E-15
2142,宁波银行,2012,2,0.008125,28663709696,0.167062491,2.78E+11,0.017252016,2.51E+11,5.561738787,1.34E-08
2142,宁波银行,2012,3,0.0075,27902517248,0.113582388,3.37E+11,0.009398702,3.12E+11,8.069479078,3.53E-16
2142,宁波银行,2012,4,0.0075,26624282624,0.160914749,3.68E+11,0.011627093,3.44E+11,5.613784524,9.90E-09
2142,宁波银行,2013,1,0.0075,32342562816,0.218619764,4.17E+11,0.016936771,3.88E+11,4.16409435,1.56E-05
2142,宁波银行,2013,2,0.0075,29289498624,0.163351431,4.29E+11,0.011150124,4.03E+11,5.492689562,1.98E-08
2142,宁波银行,2013,3,0.0075,24673787904,0.16594708,4.33E+11,0.009457421,4.11E+11,5.275373483,6.62E-08
2142,宁波银行,2013,4,0.0075,26457399296,0.118292786,4.49E+11,0.006967983,4.26E+11,7.436843179,5.16E-14
2142,宁波银行,2014,1,0.0075,25619265536,0.12053404,5.10E+11,0.006050548,4.88E+11,7.114651372,5.61E-13
2142,宁波银行,2014,2,0.0075,26093375488,0.068535589,5.03E+11,0.003555629,4.80E+11,12.58354181,1.30E-36
2142,宁波银行,2014,3,0.0075,27617892352,0.104930043,5.04E+11,0.005749696,4.80E+11,8.292583303,5.54E-17
600000,浦发银行,1999,4,0.005625,62900998144,0.102189668,1.57E+11,0.040841477,95016878080,9.70280924,1.47E-22
600000,浦发银行,2000,2,0.005625,58383855616,0.085079446,1.63E+11,0.030495325,1.05E+11,11.63504694,1.37E-31
600000,浦发银行,2000,4,0.005625,52110626816,0.085229829,1.75E+11,0.025423362,1.23E+11,11.57728877,2.69E-31
600000,浦发银行,2001,2,0.005625,49243529216,0.06874188,1.91E+11,0.017709063,1.43E+11,14.31070207,9.38E-47
600000,浦发银行,2001,3,0.005625,40769785856,0.171199903,1.94E+11,0.035901234,1.55E+11,5.716952373,5.42E-09
600000,浦发银行,2001,4,0.005625,38492835840,0.160078824,2.04E+11,0.030178376,1.67E+11,6.095243475,5.46E-10
600000,浦发银行,2002,1,0.00495,35863633920,0.199956685,2.05E+11,0.035005382,1.70E+11,4.884142358,5.19E-07
600000,浦发银行,2002,2,0.00495,37825753088,0.148610175,2.38E+11,0.023593119,2.01E+11,6.552078534,2.84E-11
600000,浦发银行,2002,3,0.00495,42918764544,0.120594442,2.77E+11,0.018679773,2.35E+11,8.067755102,3.58E-16
600000,浦发银行,2002,4,0.00495,37865644032,0.122630671,3.08E+11,0.015082823,2.71E+11,7.866030497,1.83E-15
600000,浦发银行,2003,1,0.00495,38333231104,0.175967455,3.06E+11,0.022053787,2.69E+11,5.486061283,2.05E-08
600000,浦发银行,2003,2,0.00495,48956399616,0.203470185,3.79E+11,0.026290886,3.32E+11,4.750367901,1.02E-06
600000,浦发银行,2003,3,0.00495,42450464768,0.122676991,3.90E+11,0.013336075,3.50E+11,7.81984388,2.64E-15
600000,浦发银行,2003,4,0.00495,37440237568,0.1571071,3.95E+11,0.014902285,3.59E+11,6.063682697,6.65E-10
600000,浦发银行,2004,1,0.00495,44137431040,0.168503359,4.22E+11,0.017616977,3.80E+11,5.682373811,6.64E-09
600000,浦发银行,2004,2,0.00495,37499826176,0.118227981,4.37E+11,0.010146456,4.01E+11,8.011142168,5.68E-16
600000,浦发银行,2004,3,0.00495,34596737024,0.138728231,4.43E+11,0.010826519,4.11E+11,6.785765124,5.77E-12
600000,浦发银行,2004,4,0.005625,29211033600,0.115475804,4.69E+11,0.007196035,4.42E+11,7.924788479,1.14E-15
600000,浦发银行,2005,1,0.005625,28685764608,0.191837534,4.69E+11,0.011722491,4.43E+11,4.760949419,9.63E-07
600000,浦发银行,2005,2,0.005625,27814770688,0.154050693,5.03E+11,0.008511209,4.78E+11,5.865233147,2.24E-09
600000,浦发银行,2005,3,0.005625,32311799808,0.136418849,5.34E+11,0.008252643,5.05E+11,6.688194349,1.13E-11
600000,浦发银行,2005,4,0.005625,34293442560,0.134156093,5.84E+11,0.007877272,5.53E+11,6.779958657,6.01E-12
600000,浦发银行,2006,1,0.005625,43707478016,0.175631732,6.24E+11,0.012298078,5.84E+11,5.267172044,6.93E-08
600000,浦发银行,2006,2,0.005625,39760089088,0.258109748,6.41E+11,0.015999298,6.05E+11,3.543481006,0.000197441
600000,浦发银行,2006,3,0.0063,37966467072,0.141907558,6.47E+11,0.008332556,6.12E+11,6.332919057,1.20E-10
600000,浦发银行,2006,4,0.0063,62999744512,0.253337502,7.15E+11,0.022319492,6.56E+11,3.689022661,0.000112559
600000,浦发银行,2007,1,0.006975,1.04357E+11,0.34158802,7.58E+11,0.047058738,6.58E+11,2.796803336,0.002580547
600000,浦发银行,2007,2,0.00765,1.34784E+11,0.240578204,8.53E+11,0.037991974,7.24E+11,3.986430504,3.35E-05
600000,浦发银行,2007,3,0.009,1.96674E+11,0.23483035,9.88E+11,0.046737501,7.99E+11,4.103453779,2.04E-05
600000,浦发银行,2007,4,0.01035,2.29422E+11,0.239866361,1.08E+12,0.051061219,8.57E+11,4.008605374,3.05E-05
600000,浦发银行,2008,1,0.01035,1.96269E+11,0.359690189,1.08E+12,0.065330106,8.95E+11,2.646823338,0.004062589
600000,浦发银行,2008,2,0.01035,1.53654E+11,0.3319574,1.08E+12,0.04710196,9.40E+11,2.82111834,0.002392827
600000,浦发银行,2008,3,0.01035,1.15757E+11,0.343373328,1.15E+12,0.034463655,1.05E+12,2.637396052,0.004177261
600000,浦发银行,2008,4,0.008055,75971690496,0.389212281,1.30E+12,0.022820528,1.23E+12,2.223867625,0.013078676
600000,浦发银行,2009,1,0.008055,99501694976,0.250591457,1.52E+12,0.016450923,1.43E+12,3.531142213,0.000206885
600000,浦发银行,2009,2,0.008055,1.45898E+11,0.203290179,1.68E+12,0.017641968,1.55E+12,4.500433783,3.39E-06
600000,浦发银行,2009,3,0.008055,1.8064E+11,0.25075689,1.67E+12,0.027044153,1.51E+12,3.721081308,9.92E-05
600000,浦发银行,2009,4,0.008055,1.96496E+11,0.17217429,1.72E+12,0.019672832,1.54E+12,5.44393963,2.61E-08
600000,浦发银行,2010,1,0.008055,1.82339E+11,0.14507401,1.74E+12,0.015199595,1.57E+12,6.416692671,6.96E-11
600000,浦发银行,2010,2,0.008055,1.74419E+11,0.186733991,1.85E+12,0.01761309,1.69E+12,4.939344647,3.92E-07
600000,浦发银行,2010,3,0.008055,1.61359E+11,0.123418778,2.02E+12,0.009860675,1.87E+12,7.347843866,1.01E-13
600000,浦发银行,2010,4,0.0065625,1.91724E+11,0.151280776,2.22E+12,0.013049243,2.04E+12,6.149191005,3.89E-10
600000,浦发银行,2011,1,0.0075,1.86973E+11,0.117960177,2.29E+12,0.009620243,2.12E+12,7.758725168,4.29E-15
600000,浦发银行,2011,2,0.008125,1.97255E+11,0.125253722,2.49E+12,0.009931079,2.31E+12,7.227455887,2.46E-13
600000,浦发银行,2011,3,0.00875,1.73454E+11,0.129487634,2.52E+12,0.008914796,2.37E+12,6.804794608,5.06E-12
600000,浦发银行,2011,4,0.00875,1.6462E+11,0.103375614,2.65E+12,0.006420745,2.51E+12,8.389725766,2.44E-17
600000,浦发银行,2012,1,0.00875,1.72172E+11,0.105972297,2.75E+12,0.006629806,2.60E+12,8.193771224,1.27E-16
600000,浦发银行,2012,2,0.008125,1.65071E+11,0.0838788,2.95E+12,0.004698135,2.80E+12,10.2827698,4.21E-25
600000,浦发银行,2012,3,0.0075,1.41316E+11,0.090783253,3.02E+12,0.004246027,2.90E+12,9.325175048,5.54E-21
600000,浦发银行,2012,4,0.0075,1.47827E+11,0.13321504,3.03E+12,0.006500899,2.90E+12,6.4051477,7.51E-11
600000,浦发银行,2013,1,0.0075,1.99859E+11,0.220009118,3.33E+12,0.013214991,3.15E+12,4.009806542,3.04E-05
600000,浦发银行,2013,2,0.0075,1.80687E+11,0.173239991,3.37E+12,0.009301761,3.21E+12,5.006464427,2.77E-07
600000,浦发银行,2013,3,0.0075,1.66581E+11,0.233454898,3.46E+12,0.011237798,3.32E+12,3.645805,0.000133278
600000,浦发银行,2013,4,0.0075,1.8562E+11,0.14015916,3.56E+12,0.007298067,3.40E+12,6.156924975,3.71E-10
600000,浦发银行,2014,1,0.0075,1.71503E+11,0.147870466,3.60E+12,0.007039724,3.46E+12,5.744198611,4.62E-09
600000,浦发银行,2014,2,0.0075,1.80743E+11,0.092251055,3.78E+12,0.004414639,3.62E+12,9.216309866,1.54E-20
600000,浦发银行,2014,3,0.0075,1.76775E+11,0.07796488,3.77E+12,0.003655498,3.62E+12,10.86342985,8.61E-28
600015,华夏银行,2003,3,0.00495,25342691328,0.079096258,2.32E+11,0.00865268,2.07E+11,12.13206496,3.57E-34
600015,华夏银行,2003,4,0.00495,24549918720,0.125513762,2.62E+11,0.011779976,2.38E+11,7.585544056,1.66E-14
600015,华夏银行,2004,1,0.00495,28014374912,0.158429161,2.59E+11,0.01712885,2.32E+11,6.053588463,7.08E-10
600015,华夏银行,2004,2,0.00495,24611649536,0.119457066,2.80E+11,0.010503826,2.57E+11,7.940323521,1.01E-15
600015,华夏银行,2004,3,0.00495,21847635968,0.153843313,2.87E+11,0.011698942,2.67E+11,6.108211243,5.04E-10
600015,华夏银行,2004,4,0.005625,18048294912,0.138370305,3.11E+11,0.00802717,2.95E+11,6.565030778,2.60E-11
600015,华夏银行,2005,1,0.005625,17336250368,0.149104208,3.04E+11,0.008496929,2.88E+11,6.080681166,5.98E-10
600015,华夏银行,2005,2,0.005625,16349200384,0.153145432,3.29E+11,0.007617402,3.14E+11,5.826052684,2.84E-09
600015,华夏银行,2005,3,0.005625,16759909376,0.126250759,3.38E+11,0.006257136,3.23E+11,7.063917478,8.09E-13
600015,华夏银行,2005,4,0.005625,18348400640,0.107334115,3.59E+11,0.005489402,3.42E+11,8.341667262,3.66E-17
600015,华夏银行,2006,1,0.005625,23639250944,0.123849861,3.71E+11,0.007889735,3.49E+11,7.40487767,6.56E-14
600015,华夏银行,2006,2,0.005625,21991200768,0.124042809,3.74E+11,0.007285614,3.54E+11,7.332962967,1.13E-13
600015,华夏银行,2006,3,0.0063,17334368256,0.162057355,3.80E+11,0.007397634,3.65E+11,5.355340727,4.27E-08
600015,华夏银行,2006,4,0.0063,23847600128,0.21845603,4.50E+11,0.011567605,4.29E+11,4.060160439,2.45E-05
600015,华夏银行,2007,1,0.006975,39816736768,0.377418548,4.45E+11,0.033880576,4.08E+11,2.453564102,0.007072416
600015,华夏银行,2007,2,0.00765,52073000960,0.27179572,5.11E+11,0.027673888,4.63E+11,3.42979965,0.000302014
600015,华夏银行,2007,3,0.009,69706432512,0.308198184,5.72E+11,0.037554841,5.07E+11,3.032375481,0.001213186
600015,华夏银行,2007,4,0.01035,82907996160,0.253177881,6.43E+11,0.032668175,5.65E+11,3.672371457,0.000120155
600015,华夏银行,2008,1,0.01035,75128037376,0.295581251,6.40E+11,0.034690537,5.71E+11,3.117911041,0.000910689
600015,华夏银行,2008,2,0.01035,50145247232,0.367694378,6.45E+11,0.028668774,6.01E+11,2.378140254,0.008700103
600015,华夏银行,2008,3,0.01035,42068000768,0.363147348,6.58E+11,0.023281751,6.22E+11,2.328763565,0.009935797
600015,华夏银行,2008,4,0.008055,38331817984,0.357200503,7.22E+11,0.019012558,6.89E+11,2.390608111,0.008410248
600015,华夏银行,2009,1,0.008055,45462839296,0.254029274,7.53E+11,0.015328781,7.14E+11,3.440687573,0.000290119
600015,华夏银行,2009,2,0.008055,53927157760,0.191440657,8.06E+11,0.012814157,7.58E+11,4.634656159,1.79E-06
600015,华夏银行,2009,3,0.008055,55953653760,0.228695452,8.30E+11,0.01541475,7.80E+11,3.883316169,5.15E-05
600015,华夏银行,2009,4,0.008055,57994096640,0.170811906,8.51E+11,0.011635988,8.00E+11,5.206696183,9.61E-08
600015,华夏银行,2010,1,0.008055,56990973952,0.172720164,8.92E+11,0.011033832,8.42E+11,5.103560926,1.67E-07
600015,华夏银行,2010,2,0.008055,57954172928,0.203182846,9.44E+11,0.012473528,8.93E+11,4.313103195,8.05E-06
600015,华夏银行,2010,3,0.008055,57719816192,0.124979615,1.01E+12,0.007126506,9.62E+11,6.931163708,2.09E-12
600015,华夏银行,2010,4,0.0065625,59343110144,0.19695662,1.04E+12,0.011227977,9.88E+11,4.524289304,3.03E-06
600015,华夏银行,2011,1,0.0075,58122444800,0.141261578,1.12E+12,0.007322877,1.07E+12,6.104320387,5.16E-10
600015,华夏银行,2011,2,0.008125,77028769792,0.15191859,1.13E+12,0.010316327,1.07E+12,5.845378736,2.53E-09
600015,华夏银行,2011,3,0.00875,71901044736,0.170493901,1.07E+12,0.011479806,1.00E+12,5.15130669,1.29E-07
600015,华夏银行,2011,4,0.00875,74965680128,0.137063876,1.23E+12,0.008347817,1.17E+12,6.307209953,1.42E-10
600015,华夏银行,2012,1,0.00875,78178992128,0.113354705,1.24E+12,0.007152921,1.17E+12,7.670751909,8.55E-15
600015,华夏银行,2012,2,0.008125,70116810752,0.110598654,1.33E+12,0.005823122,1.27E+12,7.71448102,6.07E-15
600015,华夏银行,2012,3,0.0075,59171094528,0.111370593,1.41E+12,0.004659883,1.37E+12,7.431093711,5.39E-14
600015,华夏银行,2012,4,0.0075,60111396864,0.147186086,1.46E+12,0.006070429,1.41E+12,5.60512574,1.04E-08
600015,华夏银行,2013,1,0.0075,74673020928,0.202164426,1.50E+12,0.010070475,1.44E+12,4.236154522,1.14E-05
600015,华夏银行,2013,2,0.0075,70478872576,0.158638209,1.48E+12,0.007567832,1.42E+12,5.3563443,4.25E-08
600015,华夏银行,2013,3,0.0075,62738886656,0.162130937,1.51E+12,0.006717732,1.46E+12,5.093641981,1.76E-07
600015,华夏银行,2013,4,0.0075,70332088320,0.139656663,1.64E+12,0.005995411,1.58E+12,5.958662803,1.27E-09
600015,华夏银行,2014,1,0.0075,72376328192,0.146111146,1.70E+12,0.006232572,1.64E+12,5.687749231,6.44E-09
600015,华夏银行,2014,2,0.0075,74553761792,0.092839636,1.74E+12,0.003982978,1.68E+12,8.96225751,1.59E-19
600015,华夏银行,2014,3,0.0075,74611326976,0.100102305,1.74E+12,0.004302768,1.67E+12,8.31536809,4.57E-17
600016,民生银行,2000,4,0.005625,30440828928,0.114619769,92155188874,0.03786136,62062481408,8.624725059,3.21E-18
600016,民生银行,2001,1,0.005625,29630177280,0.122166544,1.04E+11,0.034892575,74529611776,8.070057193,3.51E-16
600016,民生银行,2001,2,0.005625,33653471232,0.092912957,1.28E+11,0.02451033,94448787456,10.59333091,1.60E-26
600016,民生银行,2001,3,0.005625,30277615616,0.159036174,1.42E+11,0.033963019,1.12E+11,6.157258579,3.70E-10
600016,民生银行,2001,4,0.005625,32066494464,0.161760494,1.65E+11,0.031476728,1.33E+11,6.037643753,7.82E-10
600016,民生银行,2002,1,0.00495,29640783872,0.196897253,1.65E+11,0.035377035,1.36E+11,4.96372514,3.46E-07
600016,民生银行,2002,2,0.00495,28508030976,0.176278263,2.18E+11,0.023068141,1.90E+11,5.485885755,2.06E-08
600016,民生银行,2002,3,0.00495,32300589056,0.107076012,2.41E+11,0.014333682,2.10E+11,9.03930685,7.88E-20
600016,民生银行,2002,4,0.00495,27920476160,0.096810549,2.67E+11,0.010123162,2.40E+11,9.890520486,2.29E-23
600016,民生银行,2003,1,0.00495,26600271872,0.159410968,2.74E+11,0.015500598,2.48E+11,5.984088661,1.09E-09
600016,民生银行,2003,2,0.00495,36465545216,0.222495481,3.58E+11,0.022662542,3.23E+11,4.297807752,8.62E-06
600016,民生银行,2003,3,0.00495,31759429632,0.127729505,3.82E+11,0.0106259,3.52E+11,7.400896749,6.76E-14
600016,民生银行,2003,4,0.00495,29764796416,0.140854746,2.86E+11,0.014659044,2.58E+11,6.796229376,5.37E-12
600016,民生银行,2004,1,0.00495,40793862144,0.199032471,3.77E+11,0.021555768,3.38E+11,4.819031332,7.21E-07
600016,民生银行,2004,2,0.00495,37951561728,0.169810236,4.03E+11,0.015974315,3.67E+11,5.607508343,1.03E-08
600016,民生银行,2004,3,0.00495,34419458048,0.147126973,4.19E+11,0.012100359,3.86E+11,6.420485156,6.79E-11
600016,民生银行,2004,4,0.005625,30529587200,0.13434653,3.10E+11,0.013213082,2.81E+11,7.058510819,8.41E-13
600016,民生银行,2005,1,0.005625,28939425792,0.192580163,3.27E+11,0.017033056,3.00E+11,4.890762811,5.02E-07
600016,民生银行,2005,2,0.005625,29885292544,0.163129151,3.62E+11,0.013452578,3.34E+11,5.745377565,4.59E-09
600016,民生银行,2005,3,0.005625,33302577152,0.147742748,3.82E+11,0.01288344,3.51E+11,6.368864675,9.52E-11
600016,民生银行,2005,4,0.005625,29216135168,0.116281033,5.63E+11,0.006031677,5.37E+11,7.713160962,6.14E-15
600016,民生银行,2006,1,0.005625,34150191104,0.160780519,4.10E+11,0.013391154,3.78E+11,5.833506102,2.71E-09
600016,民生银行,2006,2,0.005625,42396205056,0.190330863,4.60E+11,0.017541065,4.20E+11,4.962065933,3.49E-07
600016,民生银行,2006,3,0.0063,44876029952,0.167214945,4.30E+11,0.017441715,3.88E+11,5.655778727,7.76E-09
600016,民生银行,2006,4,0.0063,72286756864,0.230537027,7.36E+11,0.022632398,6.68E+11,4.085860294,2.20E-05
600016,民生银行,2007,1,0.006975,1.16692E+11,0.342806458,7.70E+11,0.051961608,6.58E+11,2.800500515,0.002551171
600016,民生银行,2007,2,0.00765,1.36412E+11,0.248356596,9.20E+11,0.0368413,7.89E+11,3.848920308,5.93E-05
600016,民生银行,2007,3,0.009,2.14005E+11,0.224175408,1.08E+12,0.04423775,8.78E+11,4.296755113,8.67E-06
600016,民生银行,2007,4,0.01035,2.29609E+11,0.208784401,1.07E+12,0.044765576,8.50E+11,4.607054868,2.04E-06
600016,民生银行,2008,1,0.01035,1.9314E+11,0.266272932,1.12E+12,0.046112231,9.32E+11,3.568931178,0.00017922
600016,民生银行,2008,2,0.01035,1.39891E+11,0.296875089,1.12E+12,0.037206249,9.87E+11,3.123296138,0.000894189
600016,民生银行,2008,3,0.01035,1.07683E+11,0.304641694,1.08E+12,0.030343691,9.84E+11,2.972908546,0.001474962
600016,民生银行,2008,4,0.008055,80980738048,0.283627629,1.05E+12,0.021869665,9.77E+11,3.184014619,0.000726238
600016,民生银行,2009,1,0.008055,88620015616,0.199903399,1.16E+12,0.015322109,1.08E+12,4.515039005,3.17E-06
600016,民生银行,2009,2,0.008055,1.23312E+11,0.210538447,1.44E+12,0.018044735,1.33E+12,4.33994498,7.13E-06
600016,民生银行,2009,3,0.008055,1.40363E+11,0.203125596,1.44E+12,0.019757318,1.31E+12,4.55353393,2.64E-06
600016,民生银行,2009,4,0.008055,1.58237E+11,0.164549515,1.46E+12,0.017881346,1.31E+12,5.674059059,6.97E-09
600016,民生银行,2010,1,0.008055,1.66E+11,0.123624146,1.51E+12,0.013590697,1.35E+12,7.559376678,2.03E-14
600016,民生银行,2010,2,0.008055,1.51116E+11,0.157638118,1.64E+12,0.01456626,1.50E+12,5.839724379,2.61E-09
600016,民生银行,2010,3,0.008055,1.42652E+11,0.091682106,1.75E+12,0.007469185,1.62E+12,9.912680549,1.83E-23
600016,民生银行,2010,4,0.0065625,1.41641E+11,0.117756553,1.81E+12,0.009227862,1.68E+12,7.834508983,2.35E-15
600016,民生银行,2011,1,0.0075,1.38203E+11,0.083434872,2.03E+12,0.005677975,1.91E+12,10.7497653,2.97E-27
600016,民生银行,2011,2,0.008125,1.57959E+11,0.124025255,2.13E+12,0.009213454,1.98E+12,7.243196861,2.19E-13
600016,民生银行,2011,3,0.00875,1.51419E+11,0.140499666,2.07E+12,0.010278489,1.94E+12,6.324977889,1.27E-10
600016,民生银行,2011,4,0.00875,1.58828E+11,0.114322759,2.17E+12,0.008360138,2.03E+12,7.772812393,3.84E-15
600016,民生银行,2012,1,0.00875,1.7026E+11,0.10472101,2.34E+12,0.007628643,2.19E+12,8.481078361,1.12E-17
600016,民生银行,2012,2,0.008125,1.80944E+11,0.096717626,2.50E+12,0.007003076,2.34E+12,9.258796489,1.03E-20
600016,民生银行,2012,3,0.0075,1.65913E+11,0.096911475,2.68E+12,0.005989475,2.54E+12,9.139472658,3.14E-20
600016,民生银行,2012,4,0.0075,1.8247E+11,0.13106738,3.08E+12,0.007754781,2.92E+12,6.716319857,9.32E-12
600016,民生银行,2013,1,0.0075,2.79406E+11,0.280365258,3.24E+12,0.024170952,2.98E+12,3.281820306,0.000515697
600016,民生银行,2013,2,0.0075,2.81143E+11,0.19227016,3.34E+12,0.016204463,3.08E+12,4.775593765,8.96E-07
600016,民生银行,2013,3,0.0075,2.57094E+11,0.18807748,3.22E+12,0.015032253,2.98E+12,4.856181849,5.98E-07
600016,民生银行,2013,4,0.0075,2.456E+11,0.114146292,3.11E+12,0.009019537,2.88E+12,7.991985438,6.64E-16
600016,民生银行,2014,1,0.0075,2.11993E+11,0.156868592,3.10E+12,0.010723588,2.91E+12,5.720730809,5.30E-09
600016,民生银行,2014,2,0.0075,2.17128E+11,0.097239621,3.37E+12,0.006261169,3.18E+12,9.158930345,2.62E-20
600016,民生银行,2014,3,0.0075,2.14266E+11,0.090826541,3.55E+12,0.005487185,3.36E+12,9.720923458,1.23E-22
600036,招商银行,2002,2,0.00495,54213713920,0.197503835,3.50E+11,0.0306116,2.97E+11,4.926213389,4.19E-07
600036,招商银行,2002,3,0.00495,61083148288,0.108668655,3.77E+11,0.01759232,3.18E+11,8.965879502,1.54E-19
600036,招商银行,2002,4,0.00495,52608442368,0.102680206,4.06E+11,0.01328931,3.56E+11,9.413899567,2.39E-21
600036,招商银行,2003,1,0.00495,53171236864,0.155212834,4.24E+11,0.019469523,3.73E+11,6.219863118,2.49E-10
600036,招商银行,2003,2,0.00495,67571679232,0.187593699,4.84E+11,0.026179393,4.19E+11,5.167572912,1.19E-07
600036,招商银行,2003,3,0.00495,61782355968,0.116627015,4.85E+11,0.014866392,4.25E+11,8.283099704,6.00E-17
600036,招商银行,2003,4,0.00495,56837099520,0.155466929,5.40E+11,0.016361362,4.86E+11,6.160862679,3.62E-10
600036,招商银行,2004,1,0.00495,65723183104,0.156012103,5.55E+11,0.018460672,4.92E+11,6.172763768,3.36E-10
600036,招商银行,2004,2,0.00495,60289679360,0.112529889,4.66E+11,0.014565237,4.08E+11,8.589932489,4.35E-18
600036,招商银行,2004,3,0.00495,62303928320,0.131522283,4.91E+11,0.016693057,4.31E+11,7.343738268,1.04E-13
600036,招商银行,2004,4,0.005625,59825041408,0.107452944,4.58E+11,0.014035582,4.00E+11,8.956999229,1.67E-19
600036,招商银行,2005,1,0.005625,58450452480,0.127741486,4.86E+11,0.015350159,4.30E+11,7.504990407,3.07E-14
600036,招商银行,2005,2,0.005625,60802822144,0.161205262,5.21E+11,0.01881609,4.63E+11,5.938474535,1.44E-09
600036,招商银行,2005,3,0.005625,67573641216,0.128508449,5.56E+11,0.015609757,4.91E+11,7.46411738,4.19E-14
600036,招商银行,2005,4,0.005625,65770909696,0.094446138,7.59E+11,0.008181282,6.97E+11,9.958288659,1.16E-23
600036,招商银行,2006,1,0.005625,80912687104,0.169490248,7.99E+11,0.017173344,7.22E+11,5.604860284,1.04E-08
600036,招商银行,2006,2,0.005625,86921338880,0.187773079,8.61E+11,0.01895637,7.78E+11,5.058047615,2.12E-07
600036,招商银行,2006,3,0.0063,1.02663E+11,0.147347331,9.06E+11,0.016696133,8.08E+11,6.451052634,5.55E-11
600036,招商银行,2006,4,0.0063,1.82895E+11,0.197244495,1.05E+12,0.034460641,8.69E+11,4.918496454,4.36E-07
600036,招商银行,2007,1,0.006975,2.4483E+11,0.292196363,1.16E+12,0.06189174,9.17E+11,3.333026256,0.000429534
600036,招商银行,2007,2,0.00765,3.08755E+11,0.245654106,1.34E+12,0.056690985,1.04E+12,3.966559121,3.65E-05
600036,招商银行,2007,3,0.009,4.84842E+11,0.23678343,1.62E+12,0.070901809,1.14E+12,4.13393947,1.78E-05
600036,招商银行,2007,4,0.01035,5.93625E+11,0.218641937,1.81E+12,0.071555277,1.23E+12,4.47587688,3.80E-06
600036,招商银行,2008,1,0.01035,5.02977E+11,0.292225063,1.77E+12,0.082838454,1.28E+12,3.331942583,0.00043121
600036,招商银行,2008,2,0.01035,4.35663E+11,0.271946371,1.73E+12,0.068637338,1.30E+12,3.563838525,0.000182735
600036,招商银行,2008,3,0.01035,3.1874E+11,0.331795573,1.73E+12,0.06116814,1.43E+12,2.873886921,0.002027271
600036,招商银行,2008,4,0.008055,1.94249E+11,0.371897131,1.65E+12,0.043959196,1.46E+12,2.520640304,0.005857076
600036,招商银行,2009,1,0.008055,2.11097E+11,0.264081538,1.88E+12,0.029601696,1.69E+12,3.544010469,0.000197045
600036,招商银行,2009,2,0.008055,2.63717E+11,0.202283248,2.10E+12,0.02542028,1.85E+12,4.665391383,1.54E-06
600036,招商银行,2009,3,0.008055,3.22481E+11,0.198559627,2.20E+12,0.029101963,1.89E+12,4.799098208,7.97E-07
600036,招商银行,2009,4,0.008055,3.35298E+11,0.17534332,2.25E+12,0.026101823,1.93E+12,5.439375841,2.67E-08
600036,招商银行,2010,1,0.008055,3.13202E+11,0.142090783,2.33E+12,0.019064786,2.04E+12,6.670459306,1.28E-11
600036,招商银行,2010,2,0.008055,3.01679E+11,0.161130592,2.40E+12,0.020249404,2.12E+12,5.856942639,2.36E-09
600036,招商银行,2010,3,0.008055,2.94901E+11,0.117858432,2.46E+12,0.014128802,2.18E+12,7.98096207,7.26E-16
600036,招商银行,2010,4,0.0065625,3.00463E+11,0.156763315,2.52E+12,0.018686924,2.23E+12,6.068707372,6.45E-10
600036,招商银行,2011,1,0.0075,2.86549E+11,0.11815694,2.67E+12,0.012662175,2.41E+12,7.932491555,1.07E-15
600036,招商银行,2011,2,0.008125,3.0058E+11,0.104114607,2.74E+12,0.011408856,2.46E+12,8.968090067,1.51E-19
600036,招商银行,2011,3,0.00875,2.59922E+11,0.122631848,2.68E+12,0.011883333,2.44E+12,7.486597175,3.53E-14
600036,招商银行,2011,4,0.00875,2.53691E+11,0.116496854,2.83E+12,0.010443029,2.60E+12,7.817809979,2.69E-15
600036,招商银行,2012,1,0.00875,2.69964E+11,0.103125937,2.98E+12,0.009333803,2.74E+12,8.840535424,4.76E-19
600036,招商银行,2012,2,0.008125,2.51543E+11,0.084727749,3.32E+12,0.006412594,3.10E+12,10.62659554,1.12E-26
600036,招商银行,2012,3,0.0075,2.16619E+11,0.101444446,3.10E+12,0.00708649,2.91E+12,8.869491589,3.67E-19
600036,招商银行,2012,4,0.0075,2.30343E+11,0.135876104,3.36E+12,0.009308623,3.16E+12,6.606317132,1.97E-11
600036,招商银行,2013,1,0.0075,2.89516E+11,0.199212864,3.51E+12,0.016434363,3.24E+12,4.599468978,2.12E-06
600036,招商银行,2013,2,0.0075,2.7274E+11,0.170336679,3.78E+12,0.012276577,3.54E+12,5.301706026,5.74E-08
600036,招商银行,2013,3,0.0075,2.46613E+11,0.15233773,3.80E+12,0.009897287,3.58E+12,5.853147586,2.41E-09
600036,招商银行,2013,4,0.0075,2.70977E+11,0.140403375,3.94E+12,0.009656531,3.70E+12,6.396357986,7.96E-11
600036,招商银行,2014,1,0.0075,2.56638E+11,0.091022551,4.28E+12,0.005454176,4.06E+12,9.688732801,1.68E-22
600036,招商银行,2014,2,0.0075,2.54179E+11,0.075213484,4.88E+12,0.003913694,4.67E+12,11.47202675,9.12E-31
600036,招商银行,2014,3,0.0075,2.65786E+11,0.090139061,4.58E+12,0.005232809,4.35E+12,9.738834285,1.03E-22
601009,南京银行,2007,3,0.009,40035176448,0.230419546,1.09E+11,0.085010679,69098373120,4.272798082,9.65E-06
601009,南京银行,2007,4,0.01035,34474291200,0.181864291,98371633995,0.063734252,64562114560,5.392575288,3.47E-08
601009,南京银行,2008,1,0.01035,30717954048,0.231577411,1.05E+11,0.067806159,74964533248,4.209701766,1.28E-05
601009,南京银行,2008,2,0.01035,26004484096,0.272707164,1.02E+11,0.069540708,76764766208,3.555441619,0.000188672
601009,南京银行,2008,3,0.01035,18781511680,0.287866473,98927090507,0.054654903,80979460096,3.31942417,0.000451016
601009,南京银行,2008,4,0.008055,16352043008,0.320907205,95984444835,0.054685931,80276824064,2.992498497,0.00138352
601009,南京银行,2009,1,0.008055,20216832000,0.234849006,1.18E+11,0.040301599,98381905920,4.091810994,2.14E-05
601009,南京银行,2009,2,0.008055,26227605504,0.196484476,1.42E+11,0.036418082,1.16E+11,4.908547181,4.59E-07
601009,南京银行,2009,3,0.008055,32822747136,0.244468048,1.64E+11,0.048792684,1.33E+11,3.95783364,3.78E-05
601009,南京银行,2009,4,0.008055,33778163712,0.162990928,1.69E+11,0.032613797,1.36E+11,5.936951564,1.45E-09
601009,南京银行,2010,1,0.008055,31174737920,0.16742669,1.90E+11,0.027486305,1.60E+11,5.726829762,5.12E-09
601009,南京银行,2010,2,0.008055,26771599360,0.217774674,2.08E+11,0.028094641,1.82E+11,4.341170039,7.09E-06
601009,南京银行,2010,3,0.008055,26550560768,0.141112596,2.09E+11,0.017936449,1.84E+11,6.69295312,1.09E-11
601009,南京银行,2010,4,0.0065625,29915858944,0.185533747,2.29E+11,0.024235171,2.00E+11,5.153667657,1.28E-07
601009,南京银行,2011,1,0.0075,31412336640,0.137960434,2.49E+11,0.017388195,2.19E+11,6.870074173,3.21E-12
601009,南京银行,2011,2,0.008125,29830477824,0.114042982,2.71E+11,0.012562678,2.43E+11,8.190767414,1.30E-16
601009,南京银行,2011,3,0.00875,25263337472,0.12253432,2.65E+11,0.011688159,2.42E+11,7.480795135,3.69E-14
601009,南京银行,2011,4,0.00875,26607579136,0.134928942,2.81E+11,0.012764677,2.57E+11,6.787948708,5.69E-12
601009,南京银行,2012,1,0.00875,28048228352,0.120833553,3.07E+11,0.011024243,2.82E+11,7.551390481,2.15E-14
601009,南京银行,2012,2,0.008125,26472316928,0.121872164,3.32E+11,0.009731388,3.08E+11,7.433930665,5.27E-14
601009,南京银行,2012,3,0.0075,23737305088,0.09158688,3.24E+11,0.006703134,3.03E+11,9.877705817,2.60E-23
601009,南京银行,2012,4,0.0075,23797217280,0.143618345,3.35E+11,0.010209134,3.13E+11,6.277918835,1.72E-10
601009,南京银行,2013,1,0.0075,28687316992,0.189576894,3.85E+11,0.014137829,3.59E+11,4.782128882,8.67E-07
601009,南京银行,2013,2,0.0075,27132923904,0.12805669,4.02E+11,0.008641909,3.78E+11,6.996703041,1.31E-12
601009,南京银行,2013,3,0.0075,24367054848,0.132462278,4.15E+11,0.007773375,3.94E+11,6.637692739,1.59E-11
601009,南京银行,2013,4,0.0075,24621217792,0.086683363,4.23E+11,0.005042211,4.02E+11,10.1300515,2.03E-24
601009,南京银行,2014,1,0.0075,23313291264,0.108682156,4.90E+11,0.005173674,4.70E+11,7.815314043,2.74E-15
601009,南京银行,2014,2,0.0075,23393247232,0.061065894,4.97E+11,0.002872354,4.78E+11,13.87811779,4.30E-44
601009,南京银行,2014,3,0.0075,24570433536,0.082422525,5.25E+11,0.003855499,5.04E+11,10.27135606,4.74E-25
601166,兴业银行,2007,1,0.006975,1.24026E+11,0.283214301,7.66E+11,0.045864823,6.46E+11,3.402797904,0.000333498
601166,兴业银行,2007,2,0.00765,1.53835E+11,0.24792172,8.96E+11,0.042549211,7.48E+11,3.88400613,5.14E-05
601166,兴业银行,2007,3,0.009,2.41113E+11,0.257181406,1.02E+12,0.060731105,7.87E+11,3.774582756,8.01E-05
601166,兴业银行,2007,4,0.01035,2.87623E+11,0.243448213,1.06E+12,0.066000437,7.81E+11,3.992750206,3.27E-05
601166,兴业银行,2008,1,0.01035,2.1924E+11,0.340870142,1.00E+12,0.074495159,7.93E+11,2.82320702,0.002377293
601166,兴业银行,2008,2,0.01035,1.69249E+11,0.320589036,1.00E+12,0.054157125,8.42E+11,2.958624402,0.001545077
601166,兴业银行,2008,3,0.01035,1.12097E+11,0.319480538,9.43E+11,0.038001355,8.39E+11,2.887487054,0.001941663
601166,兴业银行,2008,4,0.008055,73105555456,0.370632589,1.00E+12,0.027070108,9.38E+11,2.413596346,0.007897976
601166,兴业银行,2009,1,0.008055,96111403008,0.246480361,1.10E+12,0.021577843,1.01E+12,3.71507915,0.00010157
601166,兴业银行,2009,2,0.008055,1.39077E+11,0.192726374,1.26E+12,0.021326788,1.13E+12,4.851447896,6.13E-07
601166,兴业银行,2009,3,0.008055,1.81873E+11,0.274253935,1.34E+12,0.03710199,1.17E+12,3.457604034,0.000272501
601166,兴业银行,2009,4,0.008055,1.9541E+11,0.188993543,1.42E+12,0.025981028,1.24E+12,5.02269271,2.55E-07
601166,兴业银行,2010,1,0.008055,1.74945E+11,0.167743236,1.56E+12,0.018816581,1.40E+12,5.579897384,1.20E-08
601166,兴业银行,2010,2,0.008055,1.48978E+11,0.223026365,1.73E+12,0.019191962,1.60E+12,4.09862945,2.08E-05
601166,兴业银行,2010,3,0.008055,1.51497E+11,0.15730989,1.82E+12,0.013067801,1.69E+12,5.789401078,3.53E-09
601166,兴业银行,2010,4,0.0065625,1.54535E+11,0.189690992,1.86E+12,0.015719319,1.72E+12,4.887588258,5.10E-07
601166,兴业银行,2011,1,0.0075,1.5998E+11,0.161502913,1.93E+12,0.013403009,1.78E+12,5.676772672,6.86E-09
601166,兴业银行,2011,2,0.008125,1.61214E+11,0.137999162,2.09E+12,0.010631476,1.95E+12,6.538184628,3.11E-11
601166,兴业银行,2011,3,0.00875,1.4279E+11,0.152769297,2.07E+12,0.010518493,1.95E+12,5.767826849,4.02E-09
601166,兴业银行,2011,4,0.00875,1.36865E+11,0.114198923,2.36E+12,0.00661915,2.24E+12,7.505884468,3.05E-14
601166,兴业银行,2012,1,0.00875,1.48529E+11,0.108563863,2.59E+12,0.006226732,2.46E+12,7.880722258,1.63E-15
601166,兴业银行,2012,2,0.008125,1.44662E+11,0.105931364,2.73E+12,0.005610684,2.61E+12,8.063058947,3.72E-16
601166,兴业银行,2012,3,0.0075,1.32781E+11,0.08424484,2.90E+12,0.00386383,2.78E+12,10.01114758,6.81E-24
601166,兴业银行,2012,4,0.0075,1.43028E+11,0.144082204,3.16E+12,0.00652369,3.04E+12,5.838753614,2.63E-09
601166,兴业银行,2013,1,0.0075,2.38299E+11,0.273207545,3.45E+12,0.018865834,3.24E+12,3.288455433,0.000503694
601166,兴业银行,2013,2,0.0075,2.21636E+11,0.180973977,3.54E+12,0.011335716,3.34E+12,4.903141604,4.72E-07
601166,兴业银行,2013,3,0.0075,1.97352E+11,0.212083682,3.57E+12,0.011732639,3.40E+12,4.10896778,1.99E-05
601166,兴业银行,2013,4,0.0075,2.07902E+11,0.148245707,3.62E+12,0.008520559,3.43E+12,5.912806768,1.68E-09
601166,兴业银行,2014,1,0.0075,1.78573E+11,0.141796142,3.67E+12,0.006904329,3.52E+12,6.015111358,8.99E-10
601166,兴业银行,2014,2,0.0075,1.89546E+11,0.12451835,3.82E+12,0.006177292,3.66E+12,6.872714754,3.15E-12
601166,兴业银行,2014,3,0.0075,1.96345E+11,0.105370522,3.86E+12,0.005366379,3.69E+12,8.158920923,1.69E-16
601169,北京银行,2007,3,0.009,1.39925E+11,0.408426911,4.13E+11,0.138423315,2.76E+11,2.402128694,0.008149986
601169,北京银行,2007,4,0.01035,1.29489E+11,0.180680543,4.47E+11,0.052339743,3.21E+11,5.393437781,3.46E-08
601169,北京银行,2008,1,0.01035,1.08785E+11,0.248992026,4.35E+11,0.062198622,3.30E+11,3.890702811,5.00E-05
601169,北京银行,2008,2,0.01035,93951442944,0.305016845,4.21E+11,0.068041646,3.31E+11,3.159390641,0.000790497
601169,北京银行,2008,3,0.01035,67763781632,0.313825369,4.28E+11,0.049724743,3.64E+11,3.009580159,0.001308045
601169,北京银行,2008,4,0.008055,53397884928,0.30725199,4.26E+11,0.038500905,3.76E+11,3.070082715,0.001069997
601169,北京银行,2009,1,0.008055,66321350656,0.193942711,4.62E+11,0.02786838,3.98E+11,4.907657889,4.61E-07
601169,北京银行,2009,2,0.008055,83587153920,0.17621018,5.14E+11,0.02867679,4.34E+11,5.438914586,2.68E-08
601169,北京银行,2009,3,0.008055,1.04389E+11,0.265640557,5.58E+11,0.049669529,4.58E+11,3.632048824,0.00014059
601169,北京银行,2009,4,0.008055,1.15041E+11,0.164920449,5.99E+11,0.031658713,4.88E+11,5.857108613,2.35E-09
601169,北京银行,2010,1,0.008055,1.02047E+11,0.167952716,6.15E+11,0.027870174,5.17E+11,5.712024535,5.58E-09
601169,北京银行,2010,2,0.008055,85507522560,0.21108903,6.77E+11,0.026653252,5.96E+11,4.472215053,3.87E-06
601169,北京银行,2010,3,0.008055,80601456640,0.139877215,7.14E+11,0.015786556,6.39E+11,6.694641143,1.08E-11
601169,北京银行,2010,4,0.0065625,78852161536,0.166374311,7.56E+11,0.01735179,6.82E+11,5.670670673,7.11E-09
601169,北京银行,2011,1,0.0075,73566830592,0.120379433,7.46E+11,0.01187792,6.77E+11,7.735806657,5.14E-15
601169,北京银行,2011,2,0.008125,69431189504,0.108700261,8.21E+11,0.009192018,7.58E+11,8.38714155,2.49E-17
601169,北京银行,2011,3,0.00875,59916808192,0.127232283,8.56E+11,0.008908999,8.03E+11,6.942251626,1.93E-12
601169,北京银行,2011,4,0.00875,60548509696,0.112383276,9.47E+11,0.007185669,8.94E+11,7.753276786,4.48E-15
601169,北京银行,2012,1,0.00875,63685857280,0.110263385,9.80E+11,0.00716496,9.24E+11,7.922317915,1.17E-15
601169,北京银行,2012,2,0.008125,72403689472,0.098527692,1.08E+12,0.006577417,1.02E+12,8.991911593,1.21E-19
601169,北京银行,2012,3,0.0075,64939311104,0.079884842,1.09E+12,0.004741876,1.04E+12,11.02465889,1.45E-28
601169,北京银行,2012,4,0.0075,66494582784,0.14283751,1.10E+12,0.008670551,1.04E+12,6.185418012,3.10E-10
601169,北京银行,2013,1,0.0075,83346939904,0.198654398,1.12E+12,0.014743968,1.05E+12,4.561168497,2.54E-06
601169,北京银行,2013,2,0.0075,76294291456,0.150275052,1.16E+12,0.009851109,1.10E+12,5.940362983,1.42E-09
601169,北京银行,2013,3,0.0075,69228380160,0.166622415,1.17E+12,0.009877735,1.11E+12,5.284636829,6.30E-08
601169,北京银行,2013,4,0.0075,69000462336,0.101484001,1.30E+12,0.005403169,1.24E+12,8.53465849,7.03E-18
601169,北京银行,2014,1,0.0075,64450547712,0.159643278,1.34E+12,0.007686145,1.28E+12,5.331671928,4.87E-08
601169,北京银行,2014,2,0.0075,68217106432,0.073466942,1.42E+12,0.003536524,1.36E+12,11.58533555,2.45E-31
601169,北京银行,2014,3,0.0075,76986777600,0.105079174,1.43E+12,0.005641587,1.37E+12,8.253865673,7.67E-17
601288,农业银行,2010,3,0.008055,8.67642E+11,0.074951597,1.03E+13,0.006317949,9.50E+12,12.16975956,2.25E-34
601288,农业银行,2010,4,0.0065625,8.80884E+11,0.120672613,1.06E+13,0.010068354,9.74E+12,7.687507823,7.50E-15
601288,农业银行,2011,1,0.0075,8.58744E+11,0.067975201,1.11E+13,0.00525832,1.03E+13,13.39032416,3.44E-41
601288,农业银行,2011,2,0.008125,9.22149E+11,0.09606728,1.16E+13,0.007635609,1.08E+13,9.42586435,2.13E-21
601288,农业银行,2011,3,0.00875,8.49412E+11,0.071627274,1.16E+13,0.005231914,1.09E+13,12.40409214,1.24E-35
601288,农业银行,2011,4,0.00875,8.43166E+11,0.075626113,1.17E+13,0.005459944,1.09E+13,11.72954233,4.50E-32
601288,农业银行,2012,1,0.00875,8.74872E+11,0.05935185,1.25E+13,0.00413926,1.18E+13,14.87356752,2.45E-50
601288,农业银行,2012,2,0.008125,8.64338E+11,0.06141289,1.28E+13,0.004137305,1.21E+13,14.44422817,1.36E-47
601288,农业银行,2012,3,0.0075,8.06838E+11,0.057970602,1.29E+13,0.003616551,1.22E+13,15.29838984,3.92E-53
601288,农业银行,2012,4,0.0075,8.44358E+11,0.07388369,1.31E+13,0.004762875,1.23E+13,12.0560806,9.01E-34
601288,农业银行,2013,1,0.0075,9.43701E+11,0.142509177,1.41E+13,0.009510401,1.33E+13,6.278343046,1.71E-10
601288,农业银行,2013,2,0.0075,8.75406E+11,0.081014648,1.40E+13,0.005071484,1.32E+13,10.95195412,3.25E-28
601288,农业银行,2013,3,0.0075,8.14472E+11,0.120387442,1.43E+13,0.00685994,1.36E+13,7.271633105,1.78E-13
601288,农业银行,2013,4,0.0075,8.25509E+11,0.067948453,1.42E+13,0.003938615,1.35E+13,12.91644984,1.82E-38
601288,农业银行,2014,1,0.0075,7.71722E+11,0.066876493,1.49E+13,0.003466833,1.42E+13,12.89401483,2.43E-38
601288,农业银行,2014,2,0.0075,8.00218E+11,0.059082314,1.55E+13,0.003044613,1.48E+13,14.58032947,1.87E-48
601288,农业银行,2014,3,0.0075,7.99293E+11,0.066266738,1.55E+13,0.003428163,1.48E+13,13.00814633,5.50E-39
601328,交通银行,2007,2,0.00765,6.13957E+11,0.208710998,2.58E+12,0.049690414,1.98E+12,4.673564878,1.48E-06
601328,交通银行,2007,3,0.009,6.13176E+11,0.215190306,2.66E+12,0.049575967,2.07E+12,4.506702501,3.29E-06
601328,交通银行,2007,4,0.01035,7.39015E+11,0.225745186,2.67E+12,0.062569594,1.95E+12,4.309584336,8.18E-06
601328,交通银行,2008,1,0.01035,6.12903E+11,0.246945783,2.69E+12,0.056295847,2.10E+12,3.906790304,4.68E-05
601328,交通银行,2008,2,0.01035,4.52772E+11,0.259719133,2.69E+12,0.043665788,2.26E+12,3.65206588,0.00013007
601328,交通银行,2008,3,0.01035,3.6084E+11,0.283360749,2.66E+12,0.038454328,2.32E+12,3.294975017,0.000492152
601328,交通银行,2008,4,0.008055,2.40508E+11,0.305562288,2.73E+12,0.026971252,2.51E+12,2.998225126,0.001357785
601328,交通银行,2009,1,0.008055,2.7589E+11,0.214936763,3.11E+12,0.019092359,2.85E+12,4.266555868,9.93E-06
601328,交通银行,2009,2,0.008055,3.63643E+11,0.186935455,3.44E+12,0.019754699,3.10E+12,4.983307353,3.13E-07
601328,交通银行,2009,3,0.008055,4.62188E+11,0.216626197,3.54E+12,0.028281864,3.10E+12,4.36761753,6.28E-06
601328,交通银行,2009,4,0.008055,4.29624E+11,0.154666588,3.51E+12,0.018920025,3.11E+12,6.090351994,5.63E-10
601328,交通银行,2010,1,0.008055,4.11257E+11,0.133070067,3.70E+12,0.014791219,3.32E+12,7.028835498,1.04E-12
601328,交通银行,2010,2,0.008055,3.44933E+11,0.163319916,3.78E+12,0.014890463,3.47E+12,5.629336735,9.05E-09
601328,交通银行,2010,3,0.008055,3.40379E+11,0.109678723,3.85E+12,0.009691784,3.54E+12,8.356804464,3.22E-17
601328,交通银行,2010,4,0.0065625,3.33195E+11,0.141919866,4.00E+12,0.011834707,3.69E+12,6.536286269,3.15E-11
601328,交通银行,2011,1,0.0075,3.14811E+11,0.07967519,4.14E+12,0.006065601,3.85E+12,11.4043151,1.99E-30
601328,交通银行,2011,2,0.008125,3.24978E+11,0.086530812,4.34E+12,0.006472706,4.05E+12,10.39047253,1.37E-25
601328,交通银行,2011,3,0.00875,2.94248E+11,0.096133985,4.32E+12,0.006549934,4.06E+12,9.151814001,2.80E-20
601328,交通银行,2011,4,0.00875,2.85726E+11,0.083809249,4.52E+12,0.005294752,4.27E+12,10.37688826,1.58E-25
601328,交通银行,2012,1,0.00875,3.00412E+11,0.095131621,4.79E+12,0.005962152,4.53E+12,9.130103026,3.42E-20
601328,交通银行,2012,2,0.008125,2.90181E+11,0.061119162,5.04E+12,0.003518448,4.79E+12,14.17629611,6.42E-46
601328,交通银行,2012,3,0.0075,2.88595E+11,0.084790982,4.99E+12,0.004899205,4.74E+12,10.34587654,2.18E-25
601328,交通银行,2012,4,0.0075,3.24394E+11,0.09754236,5.12E+12,0.006185292,4.83E+12,9.11202253,4.04E-20
601328,交通银行,2013,1,0.0075,3.70876E+11,0.150011808,5.50E+12,0.010118967,5.17E+12,5.972358534,1.17E-09
601328,交通银行,2013,2,0.0075,3.41426E+11,0.096152715,5.55E+12,0.005919086,5.24E+12,9.206564262,1.68E-20
601328,交通银行,2013,3,0.0075,2.99441E+11,0.150950179,5.55E+12,0.008146352,5.29E+12,5.750455767,4.45E-09
601328,交通银行,2013,4,0.0075,3.06827E+11,0.096249737,5.72E+12,0.00516508,5.45E+12,9.010336472,1.03E-19
601328,交通银行,2014,1,0.0075,2.80111E+11,0.079693206,5.68E+12,0.003931918,5.44E+12,10.72794914,3.76E-27
601328,交通银行,2014,2,0.0075,2.81991E+11,0.056222863,5.96E+12,0.002661535,5.72E+12,15.09174126,9.18E-52
601328,交通银行,2014,3,0.0075,3.10053E+11,0.14810662,5.89E+12,0.007796559,5.62E+12,5.837143031,2.66E-09
601398,工商银行,2006,4,0.0063,1.34712E+12,0.197666347,8.24E+12,0.032322538,6.93E+12,4.895476827,4.90E-07
601398,工商银行,2007,1,0.006975,1.72553E+12,0.240273505,8.97E+12,0.046203653,7.30E+12,4.039557375,2.68E-05
601398,工商银行,2007,2,0.00765,1.79407E+12,0.17039527,9.45E+12,0.032346661,7.72E+12,5.676367899,6.88E-09
601398,工商银行,2007,3,0.009,2.07595E+12,0.212567687,9.98E+12,0.04420931,7.98E+12,4.542418271,2.78E-06
601398,工商银行,2007,4,0.01035,2.68228E+12,0.232918903,1.07E+13,0.058611468,8.06E+12,4.160501552,1.59E-05
601398,工商银行,2008,1,0.01035,2.25689E+12,0.221296102,1.07E+13,0.04689283,8.48E+12,4.343982228,7.00E-06
601398,工商银行,2008,2,0.01035,1.96545E+12,0.220779344,1.06E+13,0.040826889,8.75E+12,4.321705028,7.74E-06
601398,工商银行,2008,3,0.01035,1.58177E+12,0.26139161,1.02E+13,0.040542311,8.71E+12,3.608804097,0.000153806
601398,工商银行,2008,4,0.008055,1.29801E+12,0.192721173,1.03E+13,0.02432701,9.06E+12,4.89835916,4.83E-07
601398,工商银行,2009,1,0.008055,1.25597E+12,0.15747048,1.14E+13,0.017333699,1.02E+13,5.935177287,1.47E-09
601398,工商银行,2009,2,0.008055,1.48852E+12,0.130335301,1.21E+13,0.016012173,1.07E+13,7.229483891,2.42E-13
601398,工商银行,2009,3,0.008055,1.68133E+12,0.146687299,1.25E+13,0.019735954,1.09E+13,6.462570741,5.15E-11
601398,工商银行,2009,4,0.008055,1.74491E+12,0.110634424,1.27E+13,0.015260647,1.10E+13,8.581919675,4.67E-18
601398,工商银行,2010,1,0.008055,1.65552E+12,0.094629593,1.33E+13,0.011809222,1.17E+13,9.968135287,1.05E-23
601398,工商银行,2010,2,0.008055,1.49696E+12,0.109342195,1.35E+13,0.01210161,1.21E+13,8.551263623,6.09E-18
601398,工商银行,2010,3,0.008055,1.3866E+12,0.07713794,1.38E+13,0.007753392,1.25E+13,12.02553879,1.30E-33
601398,工商银行,2010,4,0.0065625,1.50958E+12,0.17793566,1.39E+13,0.019297599,1.25E+13,5.315825022,5.31E-08
601398,工商银行,2011,1,0.0075,1.50132E+12,0.081306733,1.48E+13,0.00827423,1.34E+13,11.48185814,8.14E-31
601398,工商银行,2011,2,0.008125,1.56927E+12,0.090152048,1.53E+13,0.009274373,1.38E+13,10.30322544,3.41E-25
601398,工商银行,2011,3,0.00875,1.45917E+12,0.080831677,1.54E+13,0.00768165,1.40E+13,11.33603597,4.35E-30
601398,工商银行,2011,4,0.00875,1.47152E+12,0.070397109,1.56E+13,0.006629776,1.43E+13,13.00437472,5.78E-39
601398,工商银行,2012,1,0.00875,1.51917E+12,0.062282633,1.65E+13,0.005721417,1.52E+13,14.66089341,5.74E-49
601398,工商银行,2012,2,0.008125,1.47796E+12,0.057410352,1.71E+13,0.004971878,1.57E+13,15.91971457,2.31E-57
601398,工商银行,2012,3,0.0075,1.31931E+12,0.067403376,1.72E+13,0.00516767,1.60E+13,13.49095513,8.84E-42
601398,工商银行,2012,4,0.0075,1.36587E+12,0.071573369,1.73E+13,0.005640756,1.61E+13,12.742251,1.72E-37
601398,工商银行,2013,1,0.0075,1.47227E+12,0.100113332,1.81E+13,0.008123254,1.68E+13,9.137130062,3.21E-20
601398,工商银行,2013,2,0.0075,1.43151E+12,0.08810816,1.83E+13,0.00687403,1.70E+13,10.33996446,2.32E-25
601398,工商银行,2013,3,0.0075,1.37407E+12,0.069402657,1.84E+13,0.005196568,1.71E+13,13.06845538,2.49E-39
601398,工商银行,2013,4,0.0075,1.32503E+12,0.054930471,1.84E+13,0.003960373,1.72E+13,16.4410013,4.86E-61
601398,工商银行,2014,1,0.0075,1.19454E+12,0.07018774,1.89E+13,0.004428296,1.79E+13,12.65473974,5.27E-37
601398,工商银行,2014,2,0.0075,1.2335E+12,0.062081549,1.95E+13,0.003923699,1.84E+13,14.31046107,9.41E-47
601398,工商银行,2014,3,0.0075,1.23409E+12,0.059648827,1.93E+13,0.003819045,1.82E+13,14.91977335,1.23E-50
601818,光大银行,2010,3,0.008055,1.38488E+11,0.115253285,1.49E+12,0.010694976,1.36E+12,7.990515259,6.72E-16
601818,光大银行,2010,4,0.0065625,1.66187E+11,0.250715107,1.51E+12,0.027531842,1.36E+12,3.775660377,7.98E-05
601818,光大银行,2011,1,0.0075,1.5824E+11,0.134068668,1.70E+12,0.012476764,1.55E+12,6.911638872,2.40E-12
601818,光大银行,2011,2,0.008125,1.48356E+11,0.089332074,1.68E+12,0.007893686,1.54E+12,10.25201435,5.80E-25
601818,光大银行,2011,3,0.00875,1.27326E+11,0.09989433,1.65E+12,0.007706544,1.54E+12,8.958174513,1.65E-19
601818,光大银行,2011,4,0.00875,1.17375E+11,0.078525819,1.72E+12,0.005370897,1.61E+12,11.2102834,1.82E-29
601818,光大银行,2012,1,0.00875,1.20517E+11,0.082298614,1.99E+12,0.004995882,1.88E+12,10.498532,4.39E-26
601818,光大银行,2012,2,0.008125,1.17871E+11,0.078574345,2.05E+12,0.004527853,1.94E+12,11.02886845,1.39E-28
601818,光大银行,2012,3,0.0075,1.10916E+11,0.057723679,2.16E+12,0.0029685,2.06E+12,14.91830453,1.25E-50
601818,光大银行,2012,4,0.0075,1.093E+11,0.108769834,2.22E+12,0.005361618,2.12E+12,7.858847498,1.94E-15
601818,光大银行,2013,1,0.0075,1.3329E+11,0.187278107,2.37E+12,0.010526503,2.25E+12,4.664684432,1.55E-06
601818,光大银行,2013,2,0.0075,1.23468E+11,0.126312524,2.41E+12,0.006474209,2.30E+12,6.813673425,4.76E-12
601818,光大银行,2013,3,0.0075,1.12763E+11,0.139818475,2.40E+12,0.006561999,2.31E+12,6.058732194,6.86E-10
601818,光大银行,2013,4,0.0075,1.16013E+11,0.07606373,2.33E+12,0.003793134,2.23E+12,11.26115263,1.02E-29
601818,光大银行,2014,1,0.0075,1.1574E+11,0.091554046,2.48E+12,0.00426714,2.39E+12,9.240515239,1.23E-20
601818,光大银行,2014,2,0.0075,1.16277E+11,0.068064988,2.56E+12,0.003092211,2.46E+12,12.36787759,1.95E-35
601818,光大银行,2014,3,0.0075,1.23721E+11,0.096707143,2.47E+12,0.004835897,2.37E+12,8.861611196,3.94E-19
601939,建设银行,2007,3,0.009,2.08801E+12,0.358281374,7.99E+12,0.093654223,5.96E+12,2.71819984,0.003281909
601939,建设银行,2007,4,0.01035,2.38495E+12,0.175386071,8.46E+12,0.049470239,6.13E+12,5.550723031,1.42E-08
601939,建设银行,2008,1,0.01035,1.91518E+12,0.211262777,8.23E+12,0.049170623,6.38E+12,4.571102362,2.43E-06
601939,建设银行,2008,2,0.01035,1.65042E+12,0.233877569,8.13E+12,0.047470769,6.55E+12,4.10106049,2.06E-05
601939,建设银行,2008,3,0.01035,1.26889E+12,0.265668601,8.00E+12,0.042154944,6.80E+12,3.556375862,0.000188003
601939,建设银行,2008,4,0.008055,9.7697E+11,0.243122429,7.96E+12,0.029824623,7.04E+12,3.875226889,5.33E-05
601939,建设银行,2009,1,0.008055,9.64357E+11,0.175408244,9.01E+12,0.018770551,8.11E+12,5.316230598,5.30E-08
601939,建设银行,2009,2,0.008055,1.13791E+12,0.156021342,9.59E+12,0.018508037,8.52E+12,6.024241736,8.50E-10
601939,建设银行,2009,3,0.008055,1.38903E+12,0.192862451,1.01E+13,0.026590652,8.76E+12,4.922827278,4.27E-07
601939,建设银行,2009,4,0.008055,1.40007E+12,0.119635992,1.03E+13,0.016224385,9.00E+12,7.927809919,1.12E-15
601939,建设银行,2010,1,0.008055,1.33799E+12,0.108765028,1.07E+13,0.013566614,9.46E+12,8.672354891,2.12E-18
601939,建设银行,2010,2,0.008055,1.19941E+12,0.109426096,1.07E+13,0.012271523,9.57E+12,8.553448045,5.97E-18
601939,建设银行,2010,3,0.008055,1.11121E+12,0.076807998,1.09E+13,0.007811331,9.89E+12,12.08941433,6.01E-34
601939,建设银行,2010,4,0.0065625,1.16345E+12,0.127217069,1.11E+13,0.013278897,1.00E+13,7.416504738,6.01E-14
601939,建设银行,2011,1,0.0075,1.21324E+12,0.090186201,1.16E+13,0.009404749,1.05E+13,10.37117723,1.68E-25
601939,建设银行,2011,2,0.008125,1.26489E+12,0.081388712,1.21E+13,0.008509035,1.09E+13,11.4281953,1.51E-30
601939,建设银行,2011,3,0.00875,1.1542E+12,0.072891288,1.20E+13,0.007026804,1.09E+13,12.58893365,1.21E-36
601939,建设银行,2011,4,0.00875,1.17467E+12,0.076950304,1.24E+13,0.007268453,1.14E+13,11.90049417,5.88E-33
601939,建设银行,2012,1,0.00875,1.1991E+12,0.070080876,1.34E+13,0.006281836,1.23E+13,12.9956149,6.48E-39
601939,建设银行,2012,2,0.008125,1.14357E+12,0.059093554,1.35E+13,0.005000374,1.25E+13,15.42887608,5.23E-54
601939,建设银行,2012,3,0.0075,9.98581E+11,0.069611073,1.31E+13,0.005286902,1.22E+13,13.04974394,3.19E-39
601939,建设银行,2012,4,0.0075,1.06521E+12,0.082271047,1.38E+13,0.006334651,1.29E+13,11.05803408,1.00E-28
601939,建设银行,2013,1,0.0075,1.17768E+12,0.115631595,1.46E+13,0.009351523,1.35E+13,7.908236953,1.31E-15
601939,建设银行,2013,2,0.0075,1.16553E+12,0.090541691,1.47E+13,0.007179739,1.36E+13,10.07924873,3.41E-24
601939,建设银行,2013,3,0.0075,1.08677E+12,0.097327083,1.47E+13,0.007179114,1.37E+13,9.303357295,6.80E-21
601939,建设银行,2013,4,0.0075,1.07521E+12,0.107305132,1.50E+13,0.007668919,1.41E+13,8.407725562,2.09E-17
601939,建设银行,2014,1,0.0075,9.79827E+11,0.065511353,1.56E+13,0.004106202,1.48E+13,13.54607242,4.18E-42
601939,建设银行,2014,2,0.0075,1.00861E+12,0.048081595,1.59E+13,0.003058638,1.50E+13,18.49326094,1.17E-76
601939,建设银行,2014,3,0.0075,1.01932E+12,0.061496977,1.62E+13,0.003876883,1.53E+13,14.44156124,1.42E-47
601988,中国银行,2006,3,0.0063,8.5987E+11,0.085391007,5.67E+12,0.012943762,4.84E+12,11.29658884,6.82E-30
601988,中国银行,2006,4,0.0063,9.23932E+11,0.188790917,5.25E+12,0.033213625,4.36E+12,5.140060611,1.37E-07
601988,中国银行,2007,1,0.006975,1.25793E+12,0.246985376,6.00E+12,0.051808347,4.77E+12,3.942050434,4.04E-05
601988,中国银行,2007,2,0.00765,1.41418E+12,0.20119983,6.31E+12,0.045092267,4.93E+12,4.838048074,6.56E-07
601988,中国银行,2007,3,0.009,1.4463E+12,0.17830278,6.40E+12,0.040279395,5.00E+12,5.434696858,2.74E-08
601988,中国银行,2007,4,0.01035,1.70906E+12,0.206637591,6.73E+12,0.052457127,5.08E+12,4.691409701,1.36E-06
601988,中国银行,2008,1,0.01035,1.45583E+12,0.170762867,6.75E+12,0.03681661,5.35E+12,5.634416245,8.78E-09
601988,中国银行,2008,2,0.01035,1.20366E+12,0.207225949,7.05E+12,0.035357031,5.91E+12,4.581606741,2.31E-06
601988,中国银行,2008,3,0.01035,9.59915E+11,0.244847387,6.91E+12,0.034000086,6.01E+12,3.820653725,6.65E-05
601988,中国银行,2008,4,0.008055,8.10875E+11,0.201292992,7.12E+12,0.022930808,6.36E+12,4.65536773,1.62E-06
601988,中国银行,2009,1,0.008055,8.27872E+11,0.190915599,8.08E+12,0.019551064,7.31E+12,4.866618946,5.68E-07
601988,中国银行,2009,2,0.008055,9.55434E+11,0.141746268,8.48E+12,0.015962225,7.59E+12,6.605249115,1.98E-11
601988,中国银行,2009,3,0.008055,1.07143E+12,0.152546674,8.71E+12,0.018762227,7.70E+12,6.17733372,3.26E-10
601988,中国银行,2009,4,0.008055,1.05656E+12,0.114061266,9.09E+12,0.013255559,8.10E+12,8.227999711,9.52E-17
601988,中国银行,2010,1,0.008055,1.05825E+12,0.08867377,1.00E+13,0.009369288,9.03E+12,10.50530182,4.08E-26
601988,中国银行,2010,2,0.008055,9.99788E+11,0.125752226,9.91E+12,0.012691698,8.98E+12,7.379228919,7.96E-14
601988,中国银行,2010,3,0.008055,8.71676E+11,0.082384773,1.02E+13,0.007072558,9.36E+12,11.09282493,6.80E-29
601988,中国银行,2010,4,0.0065625,9.02679E+11,0.089296512,1.05E+13,0.007698951,9.63E+12,10.4171866,1.03E-25
601988,中国银行,2011,1,0.0075,9.11656E+11,0.064561576,1.12E+13,0.005251809,1.04E+13,14.17224589,6.80E-46
601988,中国银行,2011,2,0.008125,9.24847E+11,0.067571916,1.14E+13,0.005464383,1.06E+13,13.42682114,2.11E-41
601988,中国银行,2011,3,0.00875,8.37442E+11,0.065689787,1.14E+13,0.004838499,1.06E+13,13.54050591,4.51E-42
601988,中国银行,2011,4,0.00875,8.23066E+11,0.066571787,1.16E+13,0.004716401,1.09E+13,13.29002346,1.32E-40
601988,中国银行,2012,1,0.00875,8.40089E+11,0.059566401,1.26E+13,0.003957834,1.19E+13,14.71502112,2.58E-49
601988,中国银行,2012,2,0.008125,8.35313E+11,0.038910467,1.26E+13,0.002585896,1.18E+13,22.75484566,6.42E-115
601988,中国银行,2012,3,0.0075,7.64391E+11,0.062248241,1.24E+13,0.00384028,1.17E+13,14.22532472,3.19E-46
601988,中国银行,2012,4,0.0075,7.79279E+11,0.064633772,1.23E+13,0.004096224,1.16E+13,13.75042446,2.53E-43
601988,中国银行,2013,1,0.0075,8.35149E+11,0.090882979,1.29E+13,0.005906125,1.21E+13,9.811352304,5.03E-23
601988,中国银行,2013,2,0.0075,8.01937E+11,0.074350201,1.28E+13,0.004645814,1.21E+13,11.93069051,4.09E-33
601988,中国银行,2013,3,0.0075,7.52477E+11,0.090227932,1.31E+13,0.005172372,1.25E+13,9.711014955,1.35E-22
601988,中国银行,2013,4,0.0075,7.76454E+11,0.06874492,1.34E+13,0.003996551,1.27E+13,12.77236545,1.17E-37
601988,中国银行,2014,1,0.0075,7.02987E+11,0.078922838,1.44E+13,0.003840062,1.38E+13,10.80555443,1.62E-27
601988,中国银行,2014,2,0.0075,7.44621E+11,0.059050605,1.48E+13,0.002963847,1.42E+13,14.52210706,4.39E-48
601988,中国银行,2014,3,0.0075,7.43719E+11,0.063503578,1.47E+13,0.003202665,1.41E+13,13.51508826,6.37E-42
601998,中信银行,2007,2,0.00765,4.0415E+11,0.292061269,1.18E+12,0.099992626,7.82E+11,3.373392873,0.00037124
601998,中信银行,2007,3,0.009,4.19554E+11,0.228734955,1.25E+12,0.076602671,8.41E+11,4.293376825,8.80E-06
601998,中信银行,2007,4,0.01035,4.12576E+11,0.193252519,1.32E+12,0.060249659,9.20E+11,5.055734611,2.14E-07
601998,中信银行,2008,1,0.01035,3.461E+11,0.240422189,1.32E+12,0.063140792,9.82E+11,4.037849452,2.70E-05
601998,中信银行,2008,2,0.01035,2.49417E+11,0.269369811,1.26E+12,0.053382012,1.02E+12,3.556036557,0.000188246
601998,中信银行,2008,3,0.01035,2.07341E+11,0.301454633,1.18E+12,0.052774087,9.87E+11,3.154190985,0.000804719
601998,中信银行,2008,4,0.008055,1.6345E+11,0.271901011,1.24E+12,0.035849952,1.08E+12,3.481813081,0.000249016
601998,中信银行,2009,1,0.008055,1.71391E+11,0.186416671,1.31E+12,0.024359999,1.15E+12,5.075710875,1.93E-07
601998,中信银行,2009,2,0.008055,2.03108E+11,0.154394165,1.49E+12,0.021101122,1.29E+12,6.146036268,3.97E-10
601998,中信银行,2009,3,0.008055,2.29061E+11,0.214610815,1.54E+12,0.03199212,1.32E+12,4.444483243,4.41E-06
601998,中信银行,2009,4,0.008055,2.66669E+11,0.220213234,1.91E+12,0.030735066,1.66E+12,4.314640006,7.99E-06
601998,中信银行,2010,1,0.008055,2.79795E+11,0.168336749,1.90E+12,0.024846645,1.63E+12,5.663019373,7.44E-09
601998,中信银行,2010,2,0.008055,2.3001E+11,0.220485225,2.02E+12,0.025098756,1.81E+12,4.249900418,1.07E-05
601998,中信银行,2010,3,0.008055,2.20749E+11,0.131026432,2.01E+12,0.014363232,1.81E+12,7.130700651,4.99E-13
601998,中信银行,2010,4,0.0065625,2.18567E+11,0.170621142,2.14E+12,0.017400361,1.94E+12,5.521139721,1.68E-08
601998,中信银行,2011,1,0.0075,2.08425E+11,0.106658787,2.19E+12,0.010169131,1.99E+12,8.705975911,1.57E-18
601998,中信银行,2011,2,0.008125,2.06166E+11,0.103120595,2.28E+12,0.009338244,2.09E+12,8.902873915,2.72E-19
601998,中信银行,2011,3,0.00875,2.04954E+11,0.143811569,2.27E+12,0.013007472,2.08E+12,6.339012098,1.16E-10
601998,中信银行,2011,4,0.00875,1.98519E+11,0.104385093,2.74E+12,0.00755228,2.57E+12,8.500429824,9.44E-18
601998,中信银行,2012,1,0.00875,2.06026E+11,0.104652226,2.63E+12,0.008186153,2.45E+12,8.565867441,5.36E-18
601998,中信银行,2012,2,0.008125,1.99837E+11,0.098624863,2.87E+12,0.006869959,2.69E+12,9.034646604,8.23E-20
601998,中信银行,2012,3,0.0075,1.79807E+11,0.079439119,2.84E+12,0.005029042,2.68E+12,11.18607926,2.39E-29
601998,中信银行,2012,4,0.0075,1.75913E+11,0.114510067,2.88E+12,0.00699089,2.73E+12,7.721741385,5.74E-15
601998,中信银行,2013,1,0.0075,2.20602E+11,0.230450183,3.08E+12,0.016531939,2.88E+12,3.916612408,4.49E-05
601998,中信银行,2013,2,0.0075,1.97845E+11,0.143208131,3.35E+12,0.008451895,3.18E+12,6.14470102,4.01E-10
601998,中信银行,2013,3,0.0075,1.72448E+11,0.146681234,3.28E+12,0.007700598,3.14E+12,5.891216355,1.92E-09
601998,中信银行,2013,4,0.0075,1.83844E+11,0.149334043,3.52E+12,0.007800535,3.36E+12,5.781721484,3.70E-09
601998,中信银行,2014,1,0.0075,2.05985E+11,0.28509751,3.87E+12,0.015184276,3.69E+12,3.037612808,0.001192301
601998,中信银行,2014,2,0.0075,2.10696E+11,0.140804723,4.19E+12,0.00708529,4.01E+12,6.092989477,5.54E-10
601998,中信银行,2014,3,0.0075,2.04561E+11,0.11005526,3.89E+12,0.005786081,3.71E+12,7.853661115,2.02E-15
