stockid,date,asset,equity,loan,deposit
000001,19891231,168166,14406,97349.29295,137912.4149
000001,19901231,291919,23651,168988.4296,239401.8663
000001,19911231,435446,57796,252074.4991,357107.9137
000001,19921231,752284.75,54566.21875,435488.675,616946.3897
000001,19931231,932322.4375,120880.4766,539710.3463,764594.7387
000001,19940630,1246595.375,151291.3438,721639.2039,1022329
000001,19941231,1548841.25,165983.2969,896605.7383,1270199.904
000001,19950630,1743993,186832.625,1009576.76,1430243.249
000001,19951231,2031247.5,196053.8906,1175864.966,1665819.773
000001,19960630,2429677,232489.4844,1406511.055,1992570.57
000001,19961231,3002203,253968.6875,1737939.532,2462097.367
000001,19970630,3053193.25,298246.75,1767457.18,2503914.313
000001,19971231,3179862.75,340068.1563,1840784.644,2607795.577
000001,19980630,3487337.25,377697.4063,2018777.967,2859954.46
000001,19981231,3939985.75,367636.3125,2280810.788,3231170.091
000001,19990630,3871211.25,391754.9375,2240998.05,3174768.337
000001,19991231,4586897,290083.0625,2655300,3761700
000001,20000630,4973233.5,307851.25,2784900,4039400
000001,20001231,6722750,473888.375,3821116.25,5226533
000001,20010630,8518143,496182.4063,5021236,6883126
000001,20011231,12012698,362766.875,5346508.5,8787662
000001,20020331,11068855,381191.625,5771559.453,7691632.287
000001,20020630,13468902,394185.5938,7023000,9359400
000001,20020930,16002197,405819.375,8100437.164,11045147.28
000001,20021231,16616638,376802.125,8411472,11469251
000001,20030331,16246742,392123.2188,8221263.601,10785674.18
000001,20030630,17545484,433023.5938,8878460,11647866
000001,20030930,19339630,398188.9375,11008699.56,14170579.69
000001,20031231,19345342,439488.9063,11011951,14174765
000001,20040331,21249734,417870.875,14788740.82,16873645.66
000001,20040630,20319444,425080.4375,14141306,16134936
000001,20040930,19884820,437212.1563,12283606.55,16281352.79
000001,20041231,20428642,468466.2188,12619546,16726625
000001,20050331,20120398,483878.875,12935908.25,16835295.94
000001,20050630,21050562,489214.9063,13533934,17613590
000001,20050930,22051594,501496.625,15483303.15,20017391.16
000001,20051231,22232468,505441.0625,15610302,20181580
000001,20060331,23955758,526413.3125,17357286.3,20886770.77
000001,20060630,24282388,559204,17593948,21171556
000001,20060930,24623028,605395.4375,17215194.55,21942224.2
000001,20061231,26057626,647446.3125,18218194,23220632
000001,20070331,28765862,710609.375,18998004.57,24406852.38
000001,20070630,31405600,769847.8125,20741382,26646580
000001,20070930,34052692,836355.3125,21425551.47,27169273.71
000001,20071231,35253936,1300606.25,22181360,28127698
000001,20080331,40947392,1404138.375,22833356.37,31801576.45
000001,20080630,44182348,1694329.875,24637254,34313988
000001,20080930,44145440,1837466.25,26401405.78,33544906.74
000001,20081231,47444016,1640079,28374136,36051404
000001,20090331,52187940,1707212.875,33010859.58,40168135.91
000001,20090630,54122572,1798739.25,34234588,41657188
000001,20090930,55426468,1908843.5,33899975.18,42868918.16
000001,20091231,58781104,2046960.875,35951740,45463520
000001,20100331,61992764,2210982.5,37094966.92,50236558.21
000001,20100630,62439816,3042110.75,37362472,50598832
000001,20100930,67506384,3214413.5,37797031.87,52226019.1
000001,20101231,72761008,3351287.5,40739112,56291236
000001,20110331,80756344,3595007,42506444.48,59946819.73
000001,20110630,85205704,3815239.5,44848384,63249656
000001,20110930,120721248,7168626.5,59550170.63,81638027.09
000001,20111231,125817696,7538058.5,62064180,85084512
000001,20120331,136800512,7895742.5,62673011.42,87146627.31
000001,20120630,149062288,7982261,68290552,94957800
000001,20120930,147753072,8172588.5,66290091.24,93911198.65
000001,20121231,160653680,8479878,72078008,102110768
000001,20130331,181124896,8875900,77970433.72,116522909.3
000001,20130630,182699808,9154200,78648400,117536096
000001,20130930,185561904,9491300,83111036.86,119376390.9
000001,20131231,189174096,11208100,84728896,121700200
000001,20140331,209710208,11730000,92093651.47,148109650.6
000001,20140630,213647504,12094000,93822704,150890400
000001,20140930,214435808,12673600,108322979.9,186358689
002142,20041231,3423800.25,174362.8594,1729544.375,2975505.5
002142,20051231,4242935,218717.2031,1960913.25,3752124.25
002142,20061231,5654623.5,319618.375,2813490,4619139.5
002142,20070630,6691931,337341.4688,3361605,5147678.5
002142,20070930,7341147,765546.3125,3548764.055,5397068.059
002142,20071231,7551077,802231.6875,3650245.75,5551404.5
002142,20080331,8258209.5,832315.4375,4103538.147,6005913.07
002142,20080630,8829900,820533.9375,4387613.5,6421684
002142,20080930,10133298,860091.75,4823713.482,7479699.257
002142,20081231,10326319,880500.375,4915596.5,7622174
002142,20090331,11885189,913286.0625,5879410.373,8879007.836
002142,20090630,12987831,900813.1875,6424869.5,9702753
002142,20090930,14446698,938873.3125,7239968.04,9794851.705
002142,20091231,16335187,974198.3125,8186385,11075246
002142,20100331,18247626,1025723.5,8142980.969,11167630.05
002142,20100630,20976122,1053617.75,9360569,12837482
002142,20100930,23496844,1114246.875,9065365.3,13014930.73
002142,20101231,26327434,1587663.875,10157441,14582798
002142,20110331,27137340,1669486,11761273.76,17859890.31
002142,20110630,26244628,1694040.875,11374374,17272370
002142,20110930,23327878,1784072.875,10991972.71,15826981.17
002142,20111231,26049764,1871406.75,12274511,17673666
002142,20120331,26555664,1972523.25,13034283.1,19556086.95
002142,20120630,27764342,2037110.875,13627537,20446180
002142,20120930,33891312,2140748,13212010.5,18833673.49
002142,20121231,37353660,2211696,14561754,20757728
002142,20130331,42161928,2337804.5,15083187.63,24187906.29
002142,20130630,44394960,2466835.75,15882042,25468976
002142,20130930,45244980,2502501,16558201.02,24691618.28
002142,20131231,46777260,2552188.75,17118966,25527832
002142,20140331,53174836,2735786.25,19365628.86,31027150.14
002142,20140630,52422892,2922081.5,19091780,30588396
002142,20140930,53792024,3273068.5,20095134,30705960
600000,19961231,6506717,157990.7969,3449686.575,5098530.719
600000,19971231,8164033,317171.8125,4328351.001,6397169.731
600000,19981231,8733822,333350.5938,4630437.823,6843644.769
600000,19990630,8720320,383947.6875,4623279.426,6833064.877
600000,19991231,10320968,777605.3125,5471900,8087300
600000,20000630,11339810,830631.9375,6185000,9014000
600000,20001231,13072243,744476.9375,6989729,10612969
600000,20010630,15063869,793143.9375,8570720,12321604
600000,20010930,16273175,821857.875,9102174.468,13891618.42
600000,20011231,17369068,706666.6875,9715147,14827129
600000,20020331,17716654,733241.375,11219877.53,14912329.38
600000,20020630,20903674,760810.9375,13238203,17594884
600000,20020930,24324312,792135.9375,15186542.41,21242414.81
600000,20021231,27930072,796047.625,17437748,24391324
600000,20030331,27961614,1076046,18817691.78,23093254.33
600000,20030630,34266540,1110166.875,23060800,28300438
600000,20030930,36130040,1152689.625,24840363.79,31364467.87
600000,20031231,37105668,1201092.25,25511134,32211410
600000,20040331,39190124,1199589.125,26594309.42,33694156.52
600000,20040630,41388952,1245371.875,28086428,35584624
600000,20040930,42370892,1296390.75,28918539.23,36776049.88
600000,20041231,45553228,1351030.375,31090514,39538176
600000,20050331,45726452,1402406.25,31565979.68,40386421.16
600000,20050630,49245152,1414336.75,33995016,43494200
600000,20050930,51945552,1481218.625,34166134.12,45791398.69
600000,20051231,57352268,1596946.25,37722292,50557564
600000,20060331,59944336,1567964,40976998.22,53180202.9
600000,20060630,63023228,1706633.125,43081680,55911672
600000,20060930,63793484,1789122.75,42652091.55,55200407.16
600000,20061231,68934416,2470612.75,46089300,59648848
600000,20070331,70412688,2568705.5,47951183.25,58670514.46
600000,20070630,76985392,2611129.75,52427208,64147140
600000,20070930,84441544,2740815.25,50849517.56,70459251.83
600000,20071231,91498032,2829786.75,55098836,76347288
600000,20080331,95003208,3141903.75,58907023.6,78981640.05
600000,20080630,100261056,3460707.25,62167168,83352792
600000,20080930,111545552,3809718.5,59423187.03,80696757.75
600000,20081231,130942544,4170180,69756464,94729360
600000,20090331,150014128,4502332,86954330.78,114348785.8
600000,20090630,161948256,4685610,93871840,123445616
600000,20090930,158738288,6512171,90862870.4,126713595.6
600000,20091231,162271792,6808744.5,92885472,129534232
600000,20100331,166155664,7234165,98000625.72,134760662.2
600000,20100630,178126144,7606769.5,105060960,144469328
600000,20100930,197571840,8181727,103364465,147739045.4
600000,20101231,219141072,12327985,114648928,163867952
600000,20110331,227013600,12941399,114411681.1,161891330.9
600000,20110630,245524000,13364095,123740664,175091744
600000,20110930,252141728,14000818,125046140.8,173847857
600000,20111231,268469376,14954278,133143608,185105520
600000,20120331,280464672,15774638,134156525.7,190436581.4
600000,20120630,303643232,16389532,145243680,206174912
600000,20120930,314218464,17159260,154282352.8,213197511.7
600000,20121231,314570688,17965900,154455296,213436496
600000,20130331,340791712,18907800,164899975.2,234629762.2
600000,20130630,346844192,18902600,167828608,238796800
600000,20130930,359394304,19840100,172610246.7,236303096.1
600000,20131231,368012512,20722700,176749408,241969600
600000,20140331,374049984,21963700,180670825.6,262370923.2
600000,20140630,393021696,22131900,189834400,275678304
600000,20140930,395664192,23449900,224275917.6,313332922.8
600015,20001231,9983324,145557.6719,5658887.5,7905957
600015,20011231,13504967,209583.5625,6642245.5,11037973
600015,20021231,17814650,360136.9375,8831098,14781416
600015,20030630,20365390,399655.9063,12431176,16881692
600015,20030930,21706668,972182.75,13257794.46,18407514.29
600015,20031231,24682878,862707.75,15075576,20931376
600015,20040331,24113860,889400.1875,15441783.21,20194114.45
600015,20040630,26564396,908742.6875,17011032,22246312
600015,20040930,27615342,938322.6875,16434611.62,24304743.09
600015,20041231,30432574,960899.5,18111220,26784238
600015,20050331,29841978,992106.8125,18907500.43,25844348.27
600015,20050630,32393698,982883.9375,20524238,28054240
600015,20050930,33349170,1027252.375,21896078.96,29093591.11
600015,20051231,35592148,1053082.25,23368752,31050350
600015,20060331,36237068,1084570.25,24131006.59,31238702.81
600015,20060630,39168408,1074244.125,26083046,33765708
600015,20060930,39719996,1124708,23183619.84,33137228.43
600015,20061231,44505344,1164279.5,25976714,37129504
600015,20070331,42411284,1196841,25592584.36,33538103.07
600015,20070630,48102124,1201485.125,29026654,38038320
600015,20070930,52961928,1262967.125,27366902.66,39232232.98
600015,20071231,59233828,1305562.75,30607768,43878224
600015,20080331,59796804,1385104.375,31818758.02,43534965.8
600015,20080630,62814612,1448189.75,33424578,45732076
600015,20080930,65262336,1575628.75,31708768,43293378.28
600015,20081231,73163720,2742135.75,35547784,48534956
600015,20090331,75772712,2797453.5,40313917.38,53344996.21
600015,20090630,80053040,2815787.75,42591212,56358404
600015,20090930,82363168,2911924,41911970.12,56666287.91
600015,20091231,84545640,3023418.5,43022560,58167840
600015,20100331,89150992,3158769.5,46296063.93,63600666.54
600015,20100630,94169576,3266287.5,48902212,67180944
600015,20100930,101079064,3417604.25,51299540.33,74589755.84
600015,20101231,104023048,3549588,52793668,76762224
600015,20110331,112244256,3720277,56150744.78,80445744.64
600015,20110630,114076848,5880551,57067508,81759168
600015,20110930,107977816,6094446.5,53068277.67,77765031.86
600015,20111231,124414120,6393012.5,61146292,89602368
600015,20120331,125006400,6631811.5,61887974.22,89414043.23
600015,20120630,135451520,6861321.5,67059128,96885184
600015,20120930,144644192,7118952.5,69965019.19,100648411.9
600015,20121231,148886000,7472262.5,72016800,103600008
600015,20130331,151906144,7790471.5,77877664.81,110122464
600015,20130630,150715200,8266700,77267104,109259104
600015,20130930,155180896,8253200,76379158.03,109264913.8
600015,20131231,167244704,8601900,82316896,117759200
600015,20140331,173419296,9030000,86970182.57,125956957.3
600015,20140630,177856000,9207800,89195200,129179400
600015,20140930,178409200,9690200,91039400,126792200
600016,19971231,1852425.625,155801.2344,814090.4461,1355278.389
600016,19981231,2535214.5,161990.875,1114157.5,1854822.875
600016,19991231,3659625.25,153273.5625,1678544.875,2906203
600016,20000630,4861044.5,173856.3438,2493381.254,3765144.843
600016,20001231,6805821.5,599573.75,3490918,5271481
600016,20010331,8069076,616115,3799109.597,6019009.237
600016,20010630,10030324,585445.0625,4722511,7481973.5
600016,20010930,11822844,609861.4375,6261690.718,8850802.564
600016,20011231,13889842,542490.3125,7356427.5,10398196
600016,20020331,14162887,562698.6875,8122963.948,9883718.252
600016,20020630,19597760,569814.625,11240074,13676501
600016,20020930,21595732,592777.3125,11254353.53,16196282.96
600016,20021231,24628086,600381,12834628,18470476
600016,20030331,25447850,629123.625,13145081.64,18328397.33
600016,20030630,32978238,664186,17034902,23752036
600016,20030930,35901928,727502.625,20063002.97,27308849.67
600016,20031231,36106440,965020.375,20177290,27464412
600016,20040331,37917648,1167648.75,23314406.56,31496070.7
600016,20040630,40588064,1194560.75,24956364,33714236
600016,20040930,42179552,1243941.25,27308086.95,35990450.53
600016,20041231,44539868,1290715.75,28836214,38004432
600016,20050331,46775104,1351460.75,29010200.06,40180642.86
600016,20050630,51233500,1381551.875,31775324,44010484
600016,20050930,51877212,1483176.625,35180497.29,45487068.25
600016,20051231,55750528,1538579.25,37807184,48883276
600016,20060331,56762804,1591406.125,38699525.88,48550949.46
600016,20060630,62543156,1660577.625,42640432,53495060
600016,20060930,65020232,1740309.5,41534941.73,54147086.71
600016,20061231,70044936,1930506,44744724,58331524
600016,20070331,69250960,2039525.25,44039515.67,52162194.66
600016,20070630,85209960,4291531.5,54188496,64183060
600016,20070930,94460112,4522508.5,56992443.06,68932063.09
600016,20071231,91979640,5018617.5,55495852,67121944
600016,20080331,100354120,4931393.5,57824482.77,71840428.31
600016,20080630,106221096,5522289,61205060,76040416
600016,20080930,106405512,5766682.5,66442009.66,79301903.21
600016,20081231,105435000,5467200,65836000,78578600
600016,20090331,116155104,5757300,74464893.13,88582536.77
600016,20090630,141001408,5805200,90393400,107530896
600016,20090930,140293600,6041100,86845907.89,110938986.3
600016,20091231,142639200,8889400,88297904,112793800
600016,20100331,148491696,9355500,86944314.83,120153658.4
600016,20100630,163077600,9689400,95484600,131956000
600016,20100930,176439504,10122400,102315911.7,137083377.1
600016,20101231,182373696,10525700,105757104,141693904
600016,20110331,204270000,11160800,107973981.7,145246499.5
600016,20110630,216100496,11680900,114227400,153658592
600016,20110930,212180608,12428400,114722823.6,156559655.5
600016,20111231,222906400,13411000,120522096,164473792
600016,20120331,241723008,14354300,121441475.4,168751083
600016,20120630,259406592,15471200,130325696,181096304
600016,20120930,280956992,15960000,121113238.5,168486142
600016,20121231,321200096,16854400,138460992,192619392
600016,20130331,329988096,18366800,143697658.5,210468115.4
600016,20130630,341009312,19120700,148496992,217497504
600016,20130930,331321888,19622600,161671997.7,220458388.3
600016,20131231,322620992,20428700,157426304,214668896
600016,20140331,328211904,21788100,155886306.4,222448018.9
600016,20140630,357145088,22929900,169628304,242057696
600016,20140930,376934112,24080300,175096896,239768992
600036,19991231,15660640,288150.4063,8283504,12226798
600036,20001231,21950798,368531.5938,10974288,16446557
600036,20011231,26631716,511643.5938,14018548,21429844
600036,20020331,31772662,1552354.375,17713970.01,24913512.47
600036,20020630,31313710,1610114.25,17458094,24553640
600036,20020930,33432188,1652210,18614235.98,27021636.98
600036,20021231,37165992,1603182.125,20693128,30039492
600036,20030331,38914204,1658768.625,23578634.94,31115710.88
600036,20030630,43583428,1714015,26407780,34849212
600036,20030930,44271864,1771918.75,27015102.02,35748862.8
600036,20031231,50389280,1826143.75,30748006,40688584
600036,20040331,51068352,1854660.25,32572969.59,41872045.45
600036,20040630,53886244,1942638,34370308,44182496
600036,20040930,56634668,2026980.125,35319514.32,48161598.87
600036,20041231,60276548,2088095,37590728,51258620
600036,20050331,63003520,2193577,42467717.09,54969232.91
600036,20050630,67142320,2226239.75,45257488,58580248
600036,20050930,70344536,2355620.25,45215154.32,60748763.44
600036,20051231,73461288,2599746.75,47218500,63440356
600036,20060331,76576024,3240471.25,49381595.86,65362142.94
600036,20060630,82431584,3274276.25,53157672,70360208
600036,20060930,87400912,5089503,52930924.56,72397932.55
600036,20061231,93410224,5516052.5,56570228,77375704
600036,20070331,98469296,5731100,55909977.04,75005515.75
600036,20070630,110877600,5923600,62955300,84457104
600036,20070930,121936600,6294600,62632921.16,87788449.4
600036,20071231,131055200,6798400,67316704,94353400
600036,20080331,137378592,7476200,73095171.28,103012558.5
600036,20080630,139579104,7749600,74266000,104662600
600036,20080930,154724896,9001200,86070639.5,123111563.8
600036,20081231,157179696,7978100,87436200,125064800
600036,20090331,180083904,8217100,105175438.1,140640975
600036,20090630,197276800,8418500,115216704,154068192
600036,20090930,201690096,8750500,115655406.8,156845437.7
600036,20091231,206794096,9278300,118582200,160814592
600036,20100331,219927504,11821400,128225250.5,168851702.5
600036,20100630,228248192,12484100,133076496,175240000
600036,20100930,235956400,13310800,140586490.9,186326726.5
600036,20101231,240250704,13400600,143145104,189717792
600036,20110331,258472304,14277700,152039163.3,204645500.8
600036,20110630,264320496,14543200,155479200,209275808
600036,20110930,263327808,15384800,154613665.6,209162656.3
600036,20111231,279497088,16501000,164107504,222006000
600036,20120331,296357888,17727300,159109627.5,219094092
600036,20120630,332270112,18136200,178390304,245643600
600036,20120930,314461792,19095400,175722853.5,233666013.3
600036,20121231,340809888,20040100,190446304,253244400
600036,20130331,351342592,21455700,193444223.4,257938583.6
600036,20130630,381062912,21249800,209807808,279757792
600036,20130930,388537216,25727400,212541833.8,268473839.9
600036,20131231,401639904,26595600,219709408,277527616
600036,20140331,440454912,28384200,211960356.9,299354029.9
600036,20140630,503312192,28636400,242209200,342074816
600036,20140930,472264800,30239800,133238944.5,252606112.5
601009,20021231,2625857.75,123258.3438,740827,1404525
601009,20031231,2958244.25,131761.7813,1242583.25,2282633
601009,20041231,3827165.75,166502.5938,1564770.5,2834581.25
601009,20051231,4859326.5,210427.5,2006795.625,3585915
601009,20061231,5796730.5,261113.5781,2550499.75,4385815.5
601009,20070630,7546469,273511.0313,3009484.5,5016831.5
601009,20070930,8059095,973580.5,3245226.072,5396292.644
601009,20071231,7606371,994246.3125,3062923.75,5093153
601009,20080331,8713707,1043345.625,3333792.05,5460693.502
601009,20080630,9004577,1018794.75,3445076.5,5642975.5
601009,20080930,9496072,1075130,4071749.952,6357090.823
601009,20081231,9370607,1134559.5,4017952.75,6273099
601009,20090331,11233103,1171035.375,5199424.002,8158016.133
601009,20090630,12969999,1148082.875,6003374.5,9419433
601009,20090930,14656643,1185232.5,6568387.081,10007916.27
601009,20091231,14956582,1216820.875,6702805,10212722
601009,20100331,17371952,1282982.375,6756157.539,11214858.04
601009,20100630,19615724,1322486.625,7628787,12663376
601009,20100930,19856918,1385141.25,7520927.622,12526353.31
601009,20101231,22149260,1897039.875,8389166,13972433
601009,20110331,24088842,1974934.625,8577055.382,15087906.17
601009,20110630,26373924,1990296.25,9390680,16519154
601009,20110930,26321440,2056929.375,9602748.589,15545265.17
601009,20111231,28179170,2180427,10280497,16642428
601009,20120331,30788548,2281306.5,10805738.58,19172659.37
601009,20120630,33428080,2330506.75,11732125,20816350
601009,20120930,33258968,2383706.5,12118677.62,20669381.8
601009,20121231,34379216,2481075.5,12526866,21365580
601009,20130331,39051868,2614031.25,12910800.57,23997414.48
601009,20130630,41002064,2606178.5,13555548,25195812
601009,20130930,42609972,2664350.5,14426716.08,25538000.98
601009,20131231,43405728,2685613.5,14696140,26014932
601009,20140331,50416420,2873407.25,15829728.94,33611450.44
601009,20140630,51373288,2947615.25,16130166,34249372
601009,20140930,54628716,3097684.5,16731866,34290760
601166,20031231,25906032,606557.9375,15694500,20768280
601166,20041231,34006472,1008389.938,20301082,28318652
601166,20051231,47509412,1278538.5,24257150,35521812
601166,20060630,53221956,1414031.25,29225754,38521908
601166,20061231,61770436,1619966.75,32451192,42319672
601166,20070331,71142664,3312073,32978703.4,38018233.96
601166,20070630,81555496,3461615.25,37805648,43582792
601166,20070930,85761512,3699641.5,40309439.68,50909868.74
601166,20071231,85133528,3889707.75,40014276,50537084
601166,20080331,86616960,4202008.5,41706632.3,50455614.42
601166,20080630,91696392,4388205,44152412,53414456
601166,20080930,92531264,4668827.5,45262917.85,57321228.57
601166,20081231,102089880,4902204.5,49938644,63242596
601166,20090331,109723680,5199214.5,57955257.07,74673998.95
601166,20090630,121363496,5309120,64103324,82595640
601166,20090930,126631160,5584779,66691685.92,85635296.48
601166,20091231,133216152,5959746,70159744,90088448
601166,20100331,149406976,6170851,69048458.29,88108530.53
601166,20100630,171480368,8392149,79249680,101125688
601166,20100930,181026720,8890740,83613783.3,110863408.3
601166,20101231,184967344,9199529,85433904,113276704
601166,20110331,191699040,9749105,85257078.7,112179168.3
601166,20110630,208990592,10157400,92947400,122297904
601166,20110930,209210896,10728400,85398378.57,116841272.7
601166,20111231,240879808,11607800,98325400,134527904
601166,20120331,262939808,12486000,100052897.9,141826599.9
601166,20120630,278045088,13065700,105800704,149974208
601166,20120930,296468608,13887900,112092163.2,165358520.6
601166,20121231,325097504,17063500,122916496,181326592
601166,20130331,346961088,18246200,129877406.4,201957563.6
601166,20130630,357727808,18556000,133907696,208224608
601166,20130930,363364992,19581000,134089931.6,214450399.5
601166,20131231,367743488,20117100,135705696,217034496
601166,20140331,379314496,21743400,137477638.4,215829575.5
601166,20140630,394820000,22325600,143097408,224652192
601166,20140930,399557696,23691600,149212096,220522800
601169,20041231,20293998,347504,10902628,17352678
601169,20051231,23304382,784168.3125,11178256,19854692
601169,20061231,27296888,984029.1875,12957732,23309026
601169,20070331,26398118,1032092.875,11715779.16,19352900.6
601169,20070930,30675266,2613667.25,13614025.15,22488549.13
601169,20071231,35422296,2666794.5,15720810,25968676
601169,20080331,36344744,2844839.5,17615339.2,28132763.25
601169,20080630,36335296,2872256,17610760,28125450
601169,20080930,40295856,3127127.25,18656302.71,30518961.86
601169,20081231,41702100,3381363.25,19307370,31584012
601169,20090331,44176180,3516947,23083560.59,35609926.81
601169,20090630,47810024,3538558.5,24982368,38539128
601169,20090930,50167976,3644489,25718414.76,42030553.84
601169,20091231,53346932,3757777,27348094,44693872
601169,20100331,56523388,3990890,27145214.44,44180343.36
601169,20100630,64611288,4060829,31029408,50502084
601169,20100930,68975896,4267140,31489490.5,52467246.09
601169,20101231,73321048,4256688.5,33473178,55772432
601169,20110331,73424144,4512346,33796715.9,52978637.88
601169,20110630,81580152,4604971,37550880,58863544
601169,20110930,86252128,4822784,36575780.43,55389112.32
601169,20111231,95649864,5043352.5,40560952,61424120
601169,20120331,100126616,6556137,41262809.52,62612681.93
601169,20120630,110101592,6756990,45373560,68850384
601169,20120930,111815320,7011619,49591492.77,71261526.98
601169,20121231,111996896,7169071.5,49672024,71377248
601169,20130331,115095560,7616340,52382383.02,75987491.47
601169,20130630,120245184,7614418,54726084,79387336
601169,20130930,120753424,7802139.5,52832121.6,75380777.76
601169,20131231,133676384,7830611,58486184,83447984
601169,20140331,138959056,8366321.5,60693950.4,87603548.88
601169,20140630,147560608,8773000,64450900,93026200
601169,20140930,149065296,9208200,66870000,90658496
601288,20021231,297656608,13604000,176515152.8,251853183.3
601288,20031231,349401600,13796900,207200764.7,295635651.4
601288,20041231,401376896,7806300,238022950.6,339612984.4
601288,20051231,477101888,7960700,282929088,403685408
601288,20061231,534394304,8400200,314984896,475531200
601288,20071231,530550592,-72760496,347417408,528719392
601288,20081231,701435072,29054100,310015904,609742784
601288,20091231,888258816,34292500,413818688,749761792
601288,20100630,969596672,35441700,462398304,834881984
601288,20100930,1011712192,52827800,485111582.6,869850914.6
601288,20101231,1033740608,54223600,495674112,888790528
601288,20110331,1095992832,57657000,514817749.8,928158247.2
601288,20110630,1146178432,58950900,538391296,970658688
601288,20110930,1158907264,62053500,558604534,954910093.3
601288,20111231,1167757696,64978800,562870528,962202624
601288,20120331,1255933184,69398400,591889017.2,1032340640
601288,20120630,1290141184,69182600,608010368,1060458624
601288,20120930,1306187264,72704496,634476521.6,1071327489
601288,20121231,1324434176,75135400,643339904,1086293504
601288,20130331,1426773760,80031904,696816378.5,1152363892
601288,20130630,1422260096,79123104,694611968,1148718336
601288,20130930,1459941888,82877200,724322714.7,1184167935
601288,20131231,1456210176,84453696,722471296,1181141120
601288,20140331,1532211584,90514896,750560330.3,1226172648
601288,20140630,1600661248,90773696,784090688,1280950400
601288,20140930,1595924864,95869296,884665071.7,1432611879
601328,20011231,66138868,3242342,36662594.66,59370795.02
601328,20021231,73178200,864576.125,40564690.11,65689783.38
601328,20031231,92880976,1799926.125,51486481.06,83376349.7
601328,20041231,114173296,5165900,63289400,102489800
601328,20051231,142113200,8189600,75333000,121446496
601328,20061231,171626304,8858200,89736000,141356704
601328,20070331,181794400,9463300,96367613.87,140041695
601328,20070630,213304800,12117700,113071000,164315104
601328,20070930,221988096,12261600,116549701.2,164178937.7
601328,20071231,210362592,12879700,110446000,155580896
601328,20080331,226099904,13572300,115762920.4,168767800.4
601328,20080630,242636608,13539800,124229696,181111296
601328,20080930,249129504,13787900,123584558.9,173556875.1
601328,20081231,267825504,14564200,132859000,186581504
601328,20090331,303486784,15271600,159312588.9,217917875.8
601328,20090630,329412000,15594600,172921792,236533408
601328,20090930,330089792,15741700,183473442.4,236614913.3
601328,20091231,330913696,16442500,183931392,237205504
601328,20100331,353278208,17542900,197204509.2,257431853.3
601328,20100630,370927904,19715000,207056800,270293088
601328,20100930,380270496,21595300,215264417.1,275979238.6
601328,20101231,395159296,22365700,223692704,286784704
601328,20110331,412867296,23715600,231047518.5,299887177.5
601328,20110630,434771712,24841000,243305600,315797504
601328,20110930,436229696,25862400,242348421.7,310602544.6
601328,20111231,461117696,27278800,256175008,328323200
601328,20120331,488283392,28906700,265921743.7,340449432.3
601328,20120630,515220800,29905400,280592000,359231200
601328,20120930,517334912,36774200,289139210.6,365768859.1
601328,20121231,527337888,38144700,294729888,372841216
601328,20130331,563637824,40022700,315593795.1,389714975.3
601328,20130630,571760192,39815800,320141696,395331008
601328,20130930,576803968,41055500,316066758.6,402328453.7
601328,20131231,596093696,42148400,326636800,415783296
601328,20140331,597936000,44173600,326733766.4,416382359.9
601328,20140630,628393600,44254600,343376896,437592000
601328,20140930,621271808,45788000,347914816,411654592
601398,20031231,456017408,-53548400,340227712,470686112
601398,20041231,507287392,-50449500,370774784,517628192
601398,20051231,645723904,26098400,328955296,573686592
601398,20060630,705547712,33031700,346108000,611903808
601398,20061231,750911808,47143300,363117088,635142272
601398,20070331,788080576,48995300,371606167.3,635122324.5
601398,20070630,830398784,50331700,391560608,669227008
601398,20070930,859775616,52603700,403264271.7,682967574.8
601398,20071231,868428800,54425200,407322912,689841280
601398,20080331,914138688,57093100,423555804.6,733137281.2
601398,20080630,939996032,55434200,435536512,753874816
601398,20080930,938434688,58581900,439707925,790883438.4
601398,20081231,975765376,60713800,457199392,822344576
601398,20090331,1097896576,64058500,521962037.8,915286183.3
601398,20090630,1143508608,62092000,543646912,953311680
601398,20090930,1167013376,65090700,567276432.7,967599407.5
601398,20091231,1178505344,67893400,572862592,977127680
601398,20100331,1255338496,72420096,615483648.4,1049260507
601398,20100630,1296038144,70960000,635438400,1083278848
601398,20100930,1341788672,75950496,676995366.2,1111182263
601398,20101231,1345862144,82165696,679050624,1114555648
601398,20110331,1438999552,87222496,708488605.9,1163786948
601398,20110630,1489604864,85961504,733404032,1204713856
601398,20110930,1512700160,90186600,761282339.8,1198404449
601398,20111231,1547686784,95782304,778889728,1226121856
601398,20120331,1643119616,102294304,810733932.3,1268507802
601398,20120630,1707304960,101744800,842403712,1318059648
601398,20120930,1737115008,107527400,871784097.3,1350986754
601398,20121231,1754221696,112845904,880369216,1364290944
601398,20130331,1835727744,119781504,925311889.5,1422473585
601398,20130630,1872335360,117509296,943764224,1450840192
601398,20130930,1874254848,123538896,983047922.9,1448541708
601398,20131231,1891775232,127846304,992237376,1462082560
601398,20140331,1973468288,136292000,1034776621,1528755742
601398,20140630,2030367744,135950304,1064611520,1572833152
601398,20140930,2015095552,143237504,1085365248,1533996416
601818,20051231,51555668,-278262.5938,28550394,43340364
601818,20061231,59611660,-18241.80078,33424730,50287148
601818,20071231,73918648,2468909.25,41756700,56070300
601818,20081231,85183816,3323208.5,46848700,62585300
601818,20091231,119769608,4812146,64896900,80770288
601818,20100630,142623568,5536658.5,72585536,95136920
601818,20100930,149104048,7995353.5,78324241.36,106825970.6
601818,20101231,148395040,8146270,77951800,106318000
601818,20110331,168515360,8636348,86297091.07,118101166.7
601818,20110630,166212720,8674308,85117904,116487400
601818,20110930,166999456,9093732,85782352.9,118049602.7
601818,20111231,173334560,9614963,89036496,122527800
601818,20120331,201670768,10326119,93668321.53,133228703
601818,20120630,209379424,10469848,97248696,138321232
601818,20120930,221735984,11000604,99538401.63,138816674.6
601818,20121231,227929504,11432200,102318704,142694096
601818,20130331,241449200,12261200,107922116,151903435.1
601818,20130630,247116800,12706600,110455400,155469104
601818,20130930,247434400,13234600,119492724.3,164466609.2
601818,20131231,241508608,15305200,116631000,160527808
601818,20140331,257820192,16384600,120272916.8,173479764.7
601818,20140630,266957792,16523100,124535600,179628192
601818,20140930,258141792,17313600,127214400,172827904
601939,20001231,253169504,11485000,138516696.5,208389221.6
601939,20011231,275237184,10756700,150590592,226553600
601939,20021231,308319488,10723600,176638800,259965200
601939,20031231,355427904,18628000,212213408,297128000
601939,20041231,390992000,19555100,222742592,349112096
601939,20051231,458574208,28767700,245839808,400604608
601939,20061231,544851072,33020400,287351616,472125600
601939,20070630,611779072,32573800,316537312,504828512
601939,20070930,640604096,38992200,317687319.5,518480826
601939,20071231,659817728,42228100,327215712,534031616
601939,20080331,687502976,44836900,344597395.4,563192713.2
601939,20080630,705770624,45539800,353753696,578157312
601939,20080930,732363072,47953400,367753474,618028479.2
601939,20081231,755545216,46756200,379394304,637591488
601939,20090331,867463296,49418500,430900940.8,724620278.3
601939,20090630,911017088,50653400,452535712,761002176
601939,20090930,935397184,53702500,468485498.1,777734478.6
601939,20091231,962335488,55902000,481977312,800132288
601939,20100331,1012438208,59569900,529105995.1,849802931
601939,20100630,1023598080,58019800,534938208,859170112
601939,20100930,1057905024,62449400,554784727,888121837.2
601939,20101231,1081031680,70090496,566912768,907536896
601939,20110331,1131251584,74907696,590936705.9,951993680.6
601939,20110630,1175476608,73867600,614038720,989210816
601939,20110930,1177233024,77902400,622691145,957312728.6
601939,20111231,1228183424,81666096,649641088,998745024
601939,20120331,1327738240,86916096,694194582,1075584369
601939,20120630,1350574464,86940496,706134272,1094083712
601939,20120930,1329648256,91768400,714868376,1079402412
601939,20121231,1397282816,94960896,751231232,1134307840
601939,20130331,1467663360,101082496,799558535.8,1200015296
601939,20130630,1485921408,100051104,809505216,1214943744
601939,20130930,1499576960,104961200,838460927.2,1193070006
601939,20131231,1536321024,107432896,859005696,1222303744
601939,20140331,1614144768,114771904,904582338.1,1275284799
601939,20140630,1639979008,114701200,919060096,1295695616
601939,20140930,1673586304,120817904,934948928,1298240640
601988,20031231,397996512,22947600,215747296,303595584
601988,20041231,427044288,23273800,214646208,334247712
601988,20051231,474280608,26262000,223504608,370377696
601988,20060630,522693312,38645300,240553600,405302400
601988,20060930,526884608,40677300,240603853.1,405202676.6
601988,20061231,532527296,41781400,243180608,409542208
601988,20070331,560363712,42934400,256363966.7,417597345.8
601988,20070630,583859072,43016200,267112992,435106688
601988,20070930,602020928,45039300,286228355.3,441820597.3
601988,20071231,599555328,45499300,285056096,440011104
601988,20080331,634461184,47373800,317150724.4,481944323.5
601988,20080630,648731328,46386200,324284000,492784096
601988,20080930,659661504,48009500,312598649.4,490628414.9
601988,20081231,695569408,49390100,329614592,517335200
601988,20090331,792760896,51153100,416446917.5,608397360.9
601988,20090630,821125888,50298100,431347392,630165824
601988,20090930,834233600,52433400,468054428.6,637217636.7
601988,20091231,875194304,54539400,491035808,668504896
601988,20100331,972167296,57349000,541184213.9,728895134.3
601988,20100630,968581184,56731600,539187904,726206400
601988,20100930,1010243520,59794500,546718863.4,728152875.4
601988,20101231,1045986496,67615000,566062080,753915328
601988,20110331,1124624256,71153904,608808719.5,792915380.4
601988,20110630,1148349824,70312496,621652416,809643072
601988,20110930,1152991232,72578704,618188357.5,859423078.4
601988,20111231,1183006592,75589400,634281408,881796096
601988,20120331,1289401472,79610200,678969502.8,953315364.2
601988,20120630,1282558976,79161696,675366400,948256384
601988,20120930,1274368512,82772896,689883988.2,921962440.9
601988,20121231,1268061440,86154200,686469632,917399488
601988,20130331,1324237824,90247000,743187283.5,986589376.3
601988,20130630,1325620608,88633296,743963328,987619584
601988,20130930,1362479360,92566096,747097775.6,991619501.1
601988,20131231,1387429888,96147696,760779072,1009778624
601988,20140331,1510536704,101236896,822650562.7,1092744237
601988,20140630,1546909568,100645600,842459520,1119056896
601988,20140930,1542795648,104625696,844440320,1104728448
601998,20021231,33516260,933688.1875,20908873.17,27521781.05
601998,20031231,41980296,1684492.75,26189100,34472000
601998,20041231,49340200,872000,30657100,43502000
601998,20051231,59499300,2371800,37025400,53057300
601998,20061231,70685904,3183000,46316700,61841200
601998,20070630,86854896,7897600,53551900,66642400
601998,20070930,92891800,8104100,52838414.07,72312942.27
601998,20071231,101123600,8414100,57520800,78721104
601998,20080331,107605800,8605900,61046687.2,81817578.55
601998,20080630,111720800,9019600,63381200,84946400
601998,20080930,108867504,9437700,60941542.2,86687570.32
601998,20081231,118783696,9534600,66492400,94583504
601998,20090331,125556896,9828000,88580928.08,105118968.4
601998,20090630,140147696,9906300,98874800,117334704
601998,20090930,142886096,10342800,85782398.26,108022176.3
601998,20091231,177503104,10700800,106564896,134192704
601998,20100331,175280192,11186900,107764314.1,147195697.2
601998,20100630,194016800,11422200,119283800,162930208
601998,20100930,194761504,12104000,118303273.5,161963231
601998,20101231,208131392,12453800,126424496,173081600
601998,20110331,214439808,13132600,129398189.9,178911117.4
601998,20110630,224521792,13965700,135481904,187322704
601998,20110930,227084304,17336200,117737274.2,161580887.7
601998,20111231,276588096,17878100,143403696,196805104
601998,20120331,265737600,18779600,139900437.3,199444085.3
601998,20120630,291636512,19248000,153535200,218882000
601998,20120930,291194496,19966900,163593785.7,221857498.4
601998,20121231,295993888,20308600,166290096,225514096
601998,20130331,311908416,21279600,165581099.2,237216732.2
601998,20130630,343694496,21597700,182455200,261391104
601998,20130930,340140800,22481000,181334205.1,247705604.6
601998,20131231,364119296,23072500,194117504,265167808
601998,20140331,398151392,24335400,195709477.9,281973639.2
601998,20140630,431118688,24669800,211914400,305321312
601998,20140930,404588704,25768500,198873708.9,286532589.2
000001,20141231,208471900.7,13277701.83,102473400,153318304
600000,20141231,412653658.4,26282161.84,202838000,272400384
600036,20141231,511431728.2,32573397.03,251391904,330443808
601288,20141231,1647470916,104928422.1,809806720,1253339648
601998,20141231,445108037.2,28349200.91,218790800,284957408
