stockid,date,loan,provision_coverage,loanlossreserve_loan,netcapital,car,core1_netcapital,core1car,rwa
000001,20140930,98369608,1.967399895,0.018500001,15987924,0.12435,11333619.07,0.088150002,128571966
000001,20140630,93822704,1.98179996,0.018300001,14965732,0.1197,10919400,0.087300003,125027000
000001,20140331,89275800,1.996200025,0.0181,13943540,0.115049999,10477349.71,0.086450003,121195481.1
000001,20131231,84728896,2.01060009,0.017899999,12921348,0.110399999,10016100,0.085600004,117041200
000001,20130930,81688648,1.923000038,0.017849999,11766980,0.104699999,8906716.122,0.07925,112387584.5
000001,20130630,78648400,1.835399985,0.0178,10612612,0.098999999,7809900,0.072899997,107198096
000001,20130331,75363204,1.829299986,0.0176,10399606,0.106350001,7764256.709,0.079399999,97786609.38
000001,20121231,72078008,1.823199987,0.0174,10186600,0.113700002,7689600,0.085900001,89559272
000001,20120930,70184280,2.101400018,0.01735,9914550,0.113850001,7415229.867,0.08515,87084320.52
000001,20120630,68290552,2.379600048,0.0173,9642500,0.114,7137500,0.084399998,84583336
000001,20120331,65177366,2.793099999,0.017150001,9395800,0.114549998,6930991.806,0.0845,82023571.79
000001,20111231,62064180,3.206599951,0.017000001,9149100,0.115099996,6723175.5,0.084600002,79470160
000001,20110930,53456282,3.501999974,0.01685,7410350,0.11045,5186238.698,0.077300001,67092349.74
000001,20110630,44848384,3.797399998,0.0167,5671600,0.105800003,3753800,0.07,53606804
000001,20110331,42793748,3.256199956,0.016249999,5199400,0.10385,3529684.239,0.070500001,50066442.17
000001,20101231,40739112,2.714999914,0.015799999,4727200,0.101899996,3291900,0.071000002,46369100
000001,20100930,39050792,2.477949977,0.01475,4519055,0.102999996,3137014.001,0.0715,43874321.92
000001,20100630,37362472,2.24090004,0.0137,4310910,0.104099996,2981609,0.071999997,41411240
000001,20100331,36657106,1.929650009,0.01235,3750717,0.096449997,2473256.619,0.063599998,38887683.84
000001,20091231,35951740,1.618399978,0.011,3190524,0.088799998,1985428.25,0.055199999,35929324
000001,20090930,35093164,1.474550009,0.0103,3050555.5,0.087499999,1847765.055,0.052999999,34863492.02
000001,20090630,34234588,1.33070004,0.0096,2910587,0.086199999,1715287.875,0.050799999,33765512
000001,20090331,31304362,1.191049993,0.00835,2653265,0.085999999,1596586.82,0.051750001,30851918.89
000001,20081231,28374136,1.051399946,0.0071,2395943,0.0858,1471015.25,0.052700002,27924744
000001,20080930,26505695,0.794449985,0.016,2329639.125,0.085549999,1554908.236,0.057100002,27231316.79
000001,20080630,24637254,0.537500024,0.024900001,2263335.25,0.085299999,1631830.25,0.061500002,26533824
000001,20080331,23409307,0.510150015,0.02605,1766267.625,0.0715,1472301.443,0.059600001,24703043.84
000001,20071231,22181360,0.482800007,0.0272,1269200,0.057700001,1269200,0.057700001,21996534
000001,20070930,21461371,0.483600006,0.03055,1112400,0.048250001,1112400,0.048250001,23054921.84
000001,20070630,20741382,0.484400004,0.0339,955600,0.038800001,955600,0.038800001,24628866
000001,20070331,19479788,0.480350003,0.036,798800,0.03795,795642.7127,0.037800001,21048748.47
000001,20061231,18218194,0.476300001,0.0381,642000,0.037099998,636808.625,0.036800001,17304582
000001,20060930,17906071,0.465350002,0.038000001,603625,0.036449999,601140.9661,0.0363,16560357.28
000001,20060630,17593948,0.454400003,0.037900001,565250,0.035799999,565250,0.035799999,15789106
000001,20060331,16602125,0.441050008,0.038900001,526875,0.036449999,526152.278,0.0364,14454733.06
000001,20051231,15610302,0.427700013,0.039900001,488500,0.037099998,488000,0.037,13189189
000001,20050930,14572118,0.421250001,0.042200001,449875,0.034249999,449218.2615,0.0342,13135037.02
000001,20050630,13533934,0.414799988,0.044500001,411250,0.031399999,411250,0.031399999,13097134
000001,20050331,13076740,0.384849995,0.0425,372625,0.027299999,371260.0755,0.027199999,13649267.77
000001,20041231,12619546,0.354900002,0.0405,334000,0.0232,331000,0.023,14391304
000001,20040930,13380426,0.377800003,0.03795,473775.0625,0.034137762,472387.2321,0.034037762,13878328.06
000001,20040630,14141306,0.400700003,0.035399999,613550.125,0.045075525,613550.125,0.045075525,13611602
000001,20040331,12576628.5,0.380250007,0.03665,753325.1875,0.057337763,508951.3602,0.038737763,13138377.76
000001,20031231,11011951,0.359800011,0.037900001,893100.25,0.069600001,308931,0.032400001,12831900
000001,20030930,9945205.5,0.364600003,0.0393,882875.125,0.0779,362670.1377,0.032,11333441.92
000001,20030630,8878460,0.369399995,0.0407,872650,0.086199999,319904.1875,0.031599998,10123550
000001,20030331,8644966,0.350549996,0.0396,862424.875,0.090549998,336207.603,0.0353,9524294.801
000001,20021231,8411472,0.331699997,0.0385,852199.75,0.094899997,350219.0938,0.039000001,8979976
000001,20020930,7717236,0.308699995,0.0385,841974.625,0.093849998,317590.8737,0.035400001,8971493.268
000001,20020630,7023000,0.285699993,0.0385,831749.5,0.092799999,285017.625,0.031800002,8962818
000001,20020331,6184754.25,0.36909999,0.042950001,821524.375,0.09925,259494.1037,0.031350001,8277323.68
000001,20011231,5346508.5,0.452499986,0.047400001,811299.25,0.105700001,237172.6406,0.0309,7675490
000001,20010630,5021236,0.248699993,0.032400001,790849.0625,0.137400001,165191.9063,0.0287,5755815.5
000001,20001231,3821116.25,0.247600004,0.039500002,770398.8125,0.175600007,144778.8125,0.033,4387237
000001,20000630,2784900,0.246000007,0.016100001,749948.5625,0.134900004,229042.8438,0.041200001,5559292.5
000001,19991231,2655300,0.241500005,0.0132,729498.3125,0.1417,201294.1719,0.039099999,5148188.5
000001,19990630,2525700,0.237000003,0.010299999,709048.0625,0.148499995,176665.1637,0.036999997,4774734.573
000001,19981231,2396100,0.232500002,0.007399999,688597.8125,0.155299991,154746.0487,0.034899995,4433984.873
000001,19980630,2266500,0.228,0.004499998,668147.5625,0.162099987,135195.7859,0.032799993,4121823.658
000001,19971231,2136900,0.223499998,0.001599997,647697.3125,0.168899983,117728.262,0.030699991,3834797.97
000001,19970630,2007300,0.218999997,-0.001300003,627247.0625,0.175699979,102101.6563,0.028599989,3569989.398
000001,19961231,1877700,0.214499995,-0.004200004,606796.8125,0.182499975,88110.18978,0.026499987,3324914.497
000001,19960630,1748100,0.209999993,-0.007100005,586346.5625,0.189299971,75577.65089,0.024399985,3097446.66
002142,20140930,20095134,2.411200047,0.021500001,709048.0625,0.139599994,163040.4219,0.032099999,5079141
002142,20140630,19091780,2.411799908,0.021500001,3917230.5,0.125100002,2880970,0.092,31312792
002142,20140331,18105373,2.48029995,0.022100001,3595411.25,0.122850001,2710094.232,0.092599999,29266676.64
002142,20131231,17118966,2.548799992,0.022700001,3273592,0.1206,2530560,0.093199998,27137994
002142,20130930,16500504,2.559999943,0.022,3263671.625,0.125100002,2487538.58,0.095349997,26088501.85
002142,20130630,15882042,2.571199894,0.021299999,3253751.25,0.129600003,2448259.5,0.097499996,25099042
002142,20130331,15221898,2.662549973,0.021149999,3119120.125,0.14305,2315627.768,0.106199998,21804404.92
002142,20121231,14561754,2.753900051,0.021,2984489,0.156499997,2191138.5,0.1149,19070216
002142,20120930,14094645.5,2.569050074,0.01905,2749417.5,0.151799999,2101004.169,0.116,18112104.84
002142,20120630,13627537,2.384200096,0.017100001,2514346,0.147100002,2001563.125,0.1171,17092768
002142,20120331,12951024,2.395799994,0.016700001,2408747,0.150350004,1912899.098,0.119399998,16020930.69
002142,20111231,12274511,2.407399893,0.0163,2303148,0.153600007,1824824.875,0.121699996,14994453
002142,20110930,11824442.5,2.25424993,0.01545,2224765.75,0.149900004,1753542.794,0.11815,14841665.69
002142,20110630,11374374,2.101099968,0.0146,2146383.5,0.146200001,1682459.25,0.114600003,14681146
002142,20110331,10765907.5,2.031300008,0.0141,2081385.875,0.154100001,1618105.317,0.119800001,13506722.02
002142,20101231,10157441,1.961500049,0.0136,2016388.25,0.162,1555855.25,0.125,12446841
002142,20100930,9759005,2.009200037,0.01315,1628559.938,0.135049999,1298747.94,0.107700001,12058940.78
002142,20100630,9360569,2.056900024,0.0127,1240731.625,0.108099997,1037463.875,0.090400003,11477628
002142,20100331,8773477,1.878750026,0.01305,1142460.406,0.107799999,986670.358,0.0931,10597963.01
002142,20091231,8186385,1.700600028,0.0134,1044189.188,0.107500002,930148.875,0.095799997,9713388
002142,20090930,7305627.25,1.652350008,0.0135,1006930.688,0.11795,902353.2952,0.105699997,8536928.263
002142,20090630,6424869.5,1.604099989,0.0136,969672.1875,0.128399998,873007,0.115599997,7551964
002142,20090331,5670233,1.564549983,0.0138,949601.4375,0.144950002,856901.4395,0.130799998,6551234.367
002142,20081231,4915596.5,1.524999976,0.014,929530.6875,0.161500007,840284.5,0.145999998,5755608
002142,20080930,4651605,2.379700005,0.0134,909011.8438,0.165850006,824879.5723,0.1505,5480927.408
002142,20080630,4387613.5,3.234400034,0.0128,888493,0.170200005,808941,0.155000001,5220288
002142,20080331,4018929.625,3.416900039,0.0128,866037.5,0.190099999,785629.4906,0.172449999,4555694.388
002142,20071231,3650245.75,3.599400043,0.0128,843582,0.209999993,762747,0.189899996,4017057
002142,20070930,3281561.875,3.781900048,0.0128,821126.5,0.229899988,740585.4,0.207349993,3571668.31
600000,20140930,196376896,2.419350028,0.02555,31660085,0.119000003,22827186.69,0.0858,266051128.3
600000,20140630,189834400,2.67840004,0.024900001,29939890,0.115900002,22166600,0.0858,258325200
600000,20140331,183291904,2.937450051,0.024250001,28219695,0.112800002,21464980.26,0.0858,250174596.4
600000,20131231,176749408,3.196500063,0.023600001,26499500,0.109700002,20721800,0.0858,241459296
600000,20130930,172289008,3.337550044,0.02345,25710050,0.111223266,19867954.29,0.085949998,231157122.4
600000,20130630,167828608,3.478600025,0.0233,24920600,0.112746529,19030862,0.086099997,221032080
600000,20130331,161141952,3.738550067,0.0232,24131150,0.118623264,17881214.52,0.087899998,203426791.3
600000,20121231,154455296,3.998500109,0.0231,23341700,0.124499999,16807200,0.089699998,187423008
600000,20120930,149849488,4.069399953,0.0225,22280100,0.123300001,16145392.69,0.08935,180698295.3
600000,20120630,145243680,4.140299797,0.0219,21218500,0.122100003,15463500,0.089000002,173779696
600000,20120331,139193644,4.568149805,0.0219,20597465,0.124550004,14966443.57,0.090500001,165375065.5
600000,20111231,133143608,4.995999813,0.0219,19976430,0.127000004,14480800,0.092,157330784
600000,20110930,128442136,4.762249947,0.02055,18193765,0.121000003,13803203.26,0.091800001,150361690.4
600000,20110630,123740664,4.52850008,0.019200001,16411100,0.115000002,13065500,0.091600001,142705216
600000,20110331,119194796,4.167050004,0.019350001,15897850,0.117650002,12519641.09,0.09265,135128344.2
600000,20101231,114648928,3.805599928,0.0195,15384600,0.120300002,11982300,0.093699999,127938816
600000,20100930,109854944,3.414099932,0.01905,13072550,0.11135,9615104.207,0.081900001,117400538.9
600000,20100630,105060960,3.022599936,0.0186,10760500,0.102399997,7366319,0.070100002,105083008
600000,20100331,98973216,2.740949988,0.0192,10259250,0.102899998,6934216.227,0.06955,99701167.71
600000,20091231,92885472,2.459300041,0.0198,9758000,0.103399999,6511564.5,0.068999998,94370496
600000,20090930,93378656,2.309800029,0.01965,8821350,0.092250001,5536652.011,0.057899999,95624389.53
600000,20090630,93871840,2.160300016,0.0195,7884700,0.081100002,4549400,0.046799999,97221952
600000,20090331,81814152,2.042600036,0.02145,7353000,0.085900001,4155857.209,0.048549999,85599533.12
600000,20081231,69756464,1.924900055,0.023399999,6821300,0.090700001,3781660,0.050299998,75182096
600000,20080930,65961816,2.037850022,0.02485,6177400,0.088649999,3477182.813,0.049899999,69683023.64
600000,20080630,62167168,2.15079999,0.0263,5533500,0.086599998,3161900,0.0495,63897228
600000,20080331,58633002,2.030799985,0.02705,5285450,0.089049999,2955815.944,0.049799999,59353734.74
600000,20071231,55098836,1.91079998,0.027799999,5037400,0.091499999,2758183,0.050099999,55053552
600000,20070930,53763022,1.753799975,0.0276,4661750,0.08805,2657806.272,0.050199999,52944349.58
600000,20070630,52427208,1.59679997,0.0274,4286100,0.084600002,2546500,0.050299998,50663120
600000,20070331,49258254,1.555700004,0.02755,4141000,0.088649999,2445362.095,0.05235,46711788.27
600000,20061231,46089300,1.514600039,0.0277,3995900,0.092699997,2344300,0.054400001,43105716
600000,20060930,44585490,1.546200037,0.0282,3655300,0.086399999,2011684.247,0.04755,42306713.69
600000,20060630,43081680,1.577800035,0.0287,3314700,0.0801,1684248,0.0407,41382024
600000,20060331,40401986,1.49970001,0.02835,3079100,0.080249999,1573122.739,0.040999999,38368847.96
600000,20051231,37722292,1.421599984,0.028000001,2843500,0.080399998,1459600,0.041299999,35366916
600000,20050930,35858654,1.427100003,0.0294,2764550,0.0814,1411143.134,0.041549999,33962530.9
600000,20050630,33995016,1.432600021,0.0308,2685600,0.082400002,1362000,0.0418,32592232
600000,20050331,32542765,1.301800013,0.02975,2606650,0.081350002,1315340.868,0.04105,32042408.38
600000,20041231,31090514,1.171000004,0.0287,2527700,0.080300003,1268571.75,0.0403,31478206
600000,20040930,29588471,1.192600012,0.02825,2448750,0.081825003,1251683.048,0.041825,29926671.67
600000,20040630,28086428,1.21420002,0.027799999,2369800,0.083350003,1232523.5,0.04335,28431914
600000,20040331,26798781,1.092700005,0.026199999,2290850,0.084875003,1211215.198,0.044875,26990868.13
600000,20031231,25511134,0.971199989,0.024599999,2211900,0.086400002,1187872.25,0.046399999,25600694
600000,20030930,24285967,0.876800001,0.02465,2132950,0.0847,1125653.677,0.0447,25182408.64
600000,20030630,23060800,0.782400012,0.024700001,2054000,0.082999997,1064120.5,0.043000001,24746988
600000,20030331,20249274,0.711250007,0.026550001,1975050,0.084199999,1036784.015,0.044200001,23456651.24
600000,20021231,17437748,0.640100002,0.0284,1896100,0.0854,1007996.938,0.045400001,22202576
600000,20020930,15337975.5,0.631700009,0.030400001,1817150,0.087949999,990703.1997,0.047950001,20661171.43
600000,20020630,13238203,0.623300016,0.032400001,1738200,0.090499997,969934.8125,0.050500002,19206630
600000,20020331,11476675,0.612900019,0.03795,1659250,0.101599999,924346.0177,0.056600003,16331200.98
600000,20011231,9715147,0.602500021,0.043499999,1580300,0.1127,879190.875,0.062700003,14022183
600000,20010930,9142933.5,0.596150011,0.041199999,1501350,0.119900003,875265.7699,0.069900002,12521684.42
600000,20010630,8570720,0.5898,0.038899999,1422400,0.127100006,862840.625,0.077100001,11191188
600000,20001231,6989729,0.542800009,0.045499999,1264500,0.135000005,702500,0.075000003,9366667
600000,20000630,6185000,0.519599974,0.017000001,1106600,0.128199995,675008.75,0.078199998,8631825
600000,19991231,5471900,0.50120002,0.0154,948700,0.121399999,557966.875,0.071400002,7814662.5
600015,20140930,91039400,2.898299932,0.028899999,13257700,0.123499997,9677900,0.084100001,115116600
600015,20140630,89195200,2.914900064,0.0272,11721800,0.112899996,9195400,0.082000002,112150200
600015,20140331,85756048,2.96510005,0.02725,11159350,0.111099999,8151046.7,0.081150003,100444195
600015,20131231,82316896,3.015300035,0.0273,10596900,0.109300002,8582600,0.080300003,106945600
600015,20130930,79792000,3.03305006,0.0276,10490400,0.109950002,7647162.805,0.080150001,95410639.22
600015,20130630,77267104,3.050800085,0.027899999,10383900,0.110600002,8256700,0.079999998,103227600
600015,20130331,74641952,3.127099991,0.02805,9927350,0.109549999,7331105.487,0.080899999,90619352.53
600015,20121231,72016800,3.203399897,0.028200001,9470800,0.108499996,7142890.5,0.081799999,87321400
600015,20120930,69537964,3.278949976,0.0283,9288791,0.110749997,6961351.492,0.083000001,83871704.15
600015,20120630,67059128,3.354500055,0.0284,9106782,0.112999998,6784600,0.084200002,80590992
600015,20120331,64102710,3.218299985,0.0283,8710341,0.1149,6496747.039,0.085700002,75808015.41
600015,20111231,61146292,3.082099915,0.028200001,8313900,0.116800003,6206300,0.087200001,71182096
600015,20110930,59106900,2.897199988,0.02745,8151250,0.125000004,6038445.765,0.092599999,65209998.06
600015,20110630,57067508,2.712300062,0.026699999,7988600,0.133200005,5877400,0.097999997,59974476
600015,20110331,54930588,2.401350021,0.02575,6739500,0.119500004,4638693.315,0.082249999,56397487.77
600015,20101231,52793668,2.090399981,0.024800001,5490400,0.105800003,3448000,0.066500001,51872200
600015,20100930,50847940,2.015799999,0.024850001,5344650,0.105750002,3320505.998,0.065700002,50540424.59
600015,20100630,48902212,1.941200018,0.024900001,5198900,0.105700001,3192100,0.064900003,49185432
600015,20100331,45962386,1.804800034,0.02495,4802900,0.10385,3082458.368,0.066650003,46248435.42
600015,20091231,43022560,1.668400049,0.025,4406900,0.101999998,2953984,0.068400003,43186900
600015,20090930,42806886,1.601000011,0.0244,4333950,0.1028,2883678.908,0.068400003,42159046.5
600015,20090630,42591212,1.533599973,0.023800001,4261000,0.103600003,2813200,0.068400003,41129344
600015,20090331,39069498,1.522899985,0.0257,4147800,0.108800001,2725806.157,0.071500003,38123161.26
600015,20081231,35547784,1.512199998,0.0276,4034600,0.114,2640847,0.074600004,35400100
600015,20080930,34486181,1.386699975,0.02675,3336000,0.098099999,2035266.131,0.059850002,34006116.51
600015,20080630,33424578,1.261199951,0.025900001,2637400,0.082199998,1446900,0.0451,32085158
600015,20080331,32016173,1.176949978,0.02525,2528900,0.082449999,1351098.221,0.044050001,30671922.86
600015,20071231,30607768,1.092700005,0.024599999,2420400,0.082699999,1258399.25,0.043000001,29265100
600015,20070930,29817211,1.014600009,0.023999999,2413700,0.086799998,1229096.149,0.044200001,27807604.38
600015,20070630,29026654,0.936500013,0.023399999,2407000,0.090899996,1202176,0.045400001,26479648
600015,20070331,27501684,0.888750017,0.0232,2162450,0.086849999,1165258.064,0.046800001,24898676.26
600015,20061231,25976714,0.841000021,0.023,1917900,0.082800001,1117122,0.0482,23176800
600015,20060930,26029880,0.781049997,0.0217,1839000,0.082400002,1095811.881,0.0491,22317960.74
600015,20060630,26083046,0.721099973,0.020400001,1760100,0.082000002,1074300,0.050000001,21464634
600015,20060331,24725899,0.707699984,0.02075,1692800,0.082350001,1036030.593,0.0504,20556162.54
600015,20051231,23368752,0.694299996,0.0211,1625500,0.082699999,999100,0.050799999,19655380
600015,20050930,21946495,0.698150009,0.02155,1608550,0.0834,990396.1825,0.051349999,19287170.29
600015,20050630,20524238,0.702000022,0.022,1591600,0.084100001,982900,0.051899999,18925088
600015,20050331,19317729,0.658300012,0.02315,1549700,0.085099999,950579.7806,0.052199999,18210341.02
600015,20041231,18111220,0.614600003,0.0243,1507800,0.086099997,918900,0.052499998,17512196
600015,20040930,17561126,0.627299994,0.023899999,1444625,0.090374999,856384.8979,0.053575,15984785.84
600015,20040630,17011032,0.639999986,0.023499999,1381450,0.09465,797635.9375,0.054650001,14595351
600015,20040331,16043304,0.605699986,0.0238,1318275,0.098925002,826545.4082,0.062024999,13326004.29
600015,20031231,15075576,0.571399987,0.0241,1255100,0.103200004,844030,0.069399998,12161822
600015,20030930,95086236,1.28550002,0.0224,17120225,0.111750003,12003307.34,0.07835,153201114.5
600016,20140930,175096896,1.999600053,0.0207,32985350,0.120300002,23937000,0.087300003,274192448
600016,20140630,169628304,2.158699989,0.020099999,32602520,0.125599995,22738100,0.0876,259574208
600016,20140331,163527304,2.37804997,0.0211,28732010,0.116249997,21601529.04,0.087400001,247157081.3
600016,20131231,157426304,2.59739995,0.0221,24861500,0.106899999,20278300,0.087200001,232510496
600016,20130930,152961648,2.900749922,0.0235,26513185,0.111749999,19668393.93,0.082899999,237254453.5
600016,20130630,148496992,3.204099894,0.024900001,28164870,0.116599999,18996000,0.078599997,241551200
600016,20130331,143478992,3.174699903,0.0244,24943385,0.112050001,17797622.09,0.079949997,222609414.3
600016,20121231,138460992,3.145299911,0.0239,21721900,0.107500002,16426600,0.081299998,202001104
600016,20120930,134393344,3.334450006,0.0241,20887150,0.110550001,15625212.74,0.082699999,188938487.2
600016,20120630,130325696,3.523600101,0.0243,20052400,0.113600001,14845131,0.084100001,176517600
600016,20120331,125423896,3.548250079,0.0233,18727900,0.111099999,13721431.68,0.0814,168567957.7
600016,20111231,120522096,3.572900057,0.022299999,17403400,0.108599998,12602400,0.078699999,160230096
600016,20110930,117374748,3.457949996,0.02165,16697700,0.107949998,12080503.79,0.0781,154679947
600016,20110630,114227400,3.342999935,0.021,15992000,0.107299998,11550606,0.077500001,149040080
600016,20110331,109992252,3.023749948,0.0199,14684600,0.10585,10973565.27,0.079100002,138730278.8
600016,20101231,105757104,2.70449996,0.0188,13377200,0.104400001,10342600,0.080700003,128084704
600016,20100930,100620852,2.499349952,0.018399999,12817900,0.10605,9905015.815,0.081950001,120866572.8
600016,20100630,95484600,2.294199944,0.017999999,12258600,0.107699998,9469968,0.0832,113821728
600016,20100331,91891252,2.177299976,0.01765,11512100,0.107999999,9188361.253,0.086199999,106593519.4
600016,20091231,88297904,2.060400009,0.0173,10765600,0.1083,8869400,0.089199997,99377296
600016,20090930,89345652,1.87985003,0.016,9472250,0.096549999,7269743.369,0.074099999,98107199.39
600016,20090630,90393400,1.699300051,0.0147,8178900,0.084799998,5690508,0.059,96449296
600016,20090331,78114700,1.599849999,0.016400001,7627800,0.088500001,5386864.374,0.0625,86189829.99
600016,20081231,65836000,1.500399947,0.018100001,7076700,0.092200004,5068107,0.066,76789504
600016,20080930,63520530,1.321199954,0.01595,6822153,0.092150003,4875081.578,0.065850001,74033128.58
600016,20080630,61205060,1.14199996,0.0138,6567606,0.092100002,4685035,0.065700002,71309512
600016,20080331,58350456,1.136699975,0.0138,6359461.75,0.0997,4455450.472,0.069850001,63785975.34
600016,20071231,55495852,1.131399989,0.0138,6151317.5,0.107299998,4242288,0.074000001,57328216
600016,20070930,54842174,1.156499982,0.0134,5945308.75,0.10785,4145453.968,0.075199999,55125718.46
600016,20070630,54188496,1.181599975,0.013,5739300,0.108400002,4045041.75,0.076399997,52945572
600016,20070331,49466610,1.173900008,0.01365,4587400,0.094800003,2900998.013,0.059949998,48390293.89
600016,20061231,44744724,1.166200042,0.0143,3435500,0.081200004,1840446,0.043499999,42309112
600016,20060930,43692578,1.165600002,0.0141,3118750,0.077900004,1753546.135,0.0438,40035299.8
600016,20060630,42640432,1.164999962,0.0139,2802000,0.074600004,1656410.25,0.044100001,37560320
600016,20060331,40223808,1.099449992,0.01355,2712300,0.078600001,1589076.547,0.046050001,34507633.33
600016,20051231,37807184,1.033900023,0.0132,2622600,0.082599998,1524029,0.048,31750604
600016,20050930,34791254,1.059249997,0.0144,2436150,0.081549998,1441376.359,0.048250001,29873084.59
600016,20050630,31775324,1.084599972,0.0156,2249700,0.080499999,1355409.25,0.048500001,27946584
600016,20050331,30305769,1.104900002,0.01515,2191800,0.0832,1302698.454,0.049450001,26343749.93
600016,20041231,28836214,1.125200033,0.0147,2133900,0.085900001,1252020.5,0.0504,24841676
600016,20040930,26896289,1.222050011,0.0158,2076000,0.085974999,1285200.354,0.053224999,24146554.58
600016,20040630,24956364,1.318899989,0.016899999,2018100,0.086049996,1314520.625,0.056049999,23452644
600016,20040331,22566827,1.311500013,0.016849999,1960200,0.086124998,1277401.78,0.056125,22759942.58
600016,20031231,20177290,1.304100037,0.016799999,1902300,0.086199999,1240246.625,0.056200001,22068446
600016,20030930,18606096,1.146000028,0.017,1844400,0.078649998,1140878.106,0.04865,23450731.77
600016,20030630,17034902,0.987900019,0.017200001,1786500,0.071099997,1032702.563,0.041099999,25126582
600016,20030331,14934765,0.962799996,0.01815,1728600,0.076649997,1052044.261,0.04665,22551859.87
600016,20021231,12834628,0.937699974,0.019099999,1670700,0.082199998,1060955.5,0.052200001,20324818
600016,20020930,12037351,0.840849996,0.01925,1612800,0.084599998,1040885.14,0.0546,19063830.27
600016,20020630,11240074,0.744000018,0.019400001,1554900,0.086999997,1018727.563,0.057,17872414
600016,20020331,9298250.75,0.736550003,0.022650001,1497000,0.094000001,939606.3836,0.059,15925531.83
600016,20011231,7356427.5,0.729099989,0.025900001,1439100,0.101000004,869159.375,0.061000001,14248515
600016,20010930,6039469.25,0.715449989,0.01925,1381200,0.127050001,783277.9106,0.07205,10871310.41
600016,20010630,4722511,0.701799989,0.0126,1323300,0.153099999,718264.0625,0.083099999,8643370
600016,20010331,4106714.5,0.69204998,0.013,1265400,0.183799997,714627.4243,0.103799999,6884657.35
600016,20001231,3490918,0.682299972,0.0134,1207500,0.214499995,700856.625,0.124499999,5629370.5
600036,20140930,253459096,2.439350128,0.025799999,35574790,0.119799998,26963196.51,0.090799998,296951508.3
600036,20140630,242209200,2.512900114,0.024599999,33906660,0.116999999,26371846,0.090999998,289800512
600036,20140331,230959304,2.5864501,0.023399999,32238530,0.1142,25745655.63,0.091199998,282298862.3
600036,20131231,219709408,2.660000086,0.0222,30570400,0.111400001,25089218,0.091399997,274499104
600036,20130930,214758608,2.853600025,0.02195,29606741,0.11265,22523725.25,0.085699998,262820604.7
600036,20130630,209807808,3.047199965,0.0217,28643082,0.113899998,20107800,0.079999998,251475696
600036,20130331,200127056,3.282549977,0.02165,26933091,0.117649999,18874911.57,0.082449999,228925553.2
600036,20121231,190446304,3.51789999,0.021600001,25223100,0.121399999,17640140,0.084899999,207775504
600036,20120930,184418304,3.779099941,0.022,23816250,0.118450001,16899584.56,0.08405,201065849.1
600036,20120630,178390304,4.040299892,0.022399999,22409400,0.115500003,16142529,0.0832,194020784
600036,20120331,171248904,4.020799875,0.022399999,21352550,0.115400001,15302043.73,0.082699999,185030760.3
600036,20111231,164107504,4.001299858,0.022399999,20295700,0.1153,14474470,0.082199998,176088400
600036,20110930,159793352,3.742699981,0.021849999,19326050,0.1129,13719955.01,0.080150001,171178476.4
600036,20110630,155479200,3.484100103,0.021299999,18356400,0.1105,12974071,0.078100003,166121264
600036,20110331,149312152,3.254100084,0.0209,17475900,0.112599999,12299867.66,0.07925,155203376.6
600036,20101231,143145104,3.024100065,0.020500001,16595400,0.114699997,11631900,0.080399998,144688304
600036,20100930,138110800,3,0.02015,16130400,0.115349997,11250027.65,0.080449998,139838755.5
600036,20100630,133076496,2.975899935,0.0198,15665400,0.115999997,10871247,0.080499999,135046560
600036,20100331,125829348,2.721249938,0.02,13902600,0.11025,9255789.719,0.073399998,126100680.4
600036,20091231,118582200,2.466599941,0.020199999,12139800,0.104500003,7700800,0.066299997,116177600
600036,20090930,116899452,2.44024992,0.0205,11922650,0.1054,7426204.4,0.065649997,113118121.7
600036,20090630,115216704,2.413899899,0.0208,11705500,0.106299996,7157643.5,0.064999998,110117592
600036,20090331,101326452,2.323399901,0.02275,11054700,0.109849997,6571433.038,0.065299999,100634504.5
600036,20081231,87436200,2.232899904,0.024700001,10403900,0.113399997,6014900,0.0656,91720096
600036,20080930,80851100,2.197099924,0.025850001,9417950,0.108749997,6664011.6,0.076949999,86601841.57
600036,20080630,74266000,2.161299944,0.027000001,8432000,0.104099996,7152215,0.088299997,80999040
600036,20080331,70791352,1.982599974,0.02745,7948300,0.104049999,6726072.301,0.08805,76389236.48
600036,20071231,67316704,1.803900003,0.027899999,7464600,0.104000002,6302000,0.087800004,71808200
600036,20070930,65136002,1.751800001,0.028,7154750,0.106900003,6026989.949,0.090050001,66929371.49
600036,20070630,62955300,1.699699998,0.028100001,6844900,0.109800003,5753955,0.092299998,62339708
600036,20070331,59762764,1.527899981,0.02845,6563400,0.111850001,5518889.132,0.094049998,58680375.02
600036,20061231,56570228,1.356099963,0.0288,6281900,0.113899998,5285900,0.095799997,55150300
600036,20060930,54863950,1.294049978,0.02855,5198695.25,0.098749999,4216865.756,0.0801,52645015.75
600036,20060630,53157672,1.231999993,0.0283,4115490.5,0.0836,3170306,0.064400002,49228352
600036,20060331,50188086,1.171199977,0.02845,3963845.25,0.086849999,2740689.882,0.060050001,45640130.23
600036,20051231,47218500,1.110399961,0.0286,3812200,0.090099998,2358150,0.0557,42310768
600036,20050930,46237994,1.08494997,0.0279,3769852.5,0.091399997,2260261.738,0.0548,41245652.13
600036,20050630,45257488,1.059499979,0.0272,3727505,0.092699997,2167341,0.0539,40210408
600036,20050331,41424108,1.036549985,0.0281,3626037.5,0.094099998,2088535.949,0.054199999,38533874.16
600036,20041231,37590728,1.013599992,0.028999999,3524570,0.0955,2009665,0.054499999,36906492
600036,20040930,35980518,1.009249985,0.0285,3119189.875,0.088350002,1964718.865,0.05565,35304921.5
600036,20040630,34370308,1.004899979,0.028000001,2713809.75,0.081200004,1898330,0.0568,33421304
600036,20040331,32559157,0.942550004,0.02785,2741904.875,0.08805,1845063.777,0.059250001,31140316.45
600036,20031231,30748006,0.880200028,0.0277,2770000,0.094899997,1800000,0.061700001,29188620
600036,20030930,28577893,0.767800003,0.0286,2686768.5,0.100249998,1743384.537,0.065050002,26800683.75
600036,20030630,26407780,0.655399978,0.0295,2603537,0.105599999,1686215.25,0.068400003,24654708
600036,20030331,23550454,0.602750003,0.03125,2531768.5,0.115649998,1669237.836,0.076250002,21891643.23
600036,20021231,20693128,0.550100029,0.033,2460000,0.125699997,1645466.5,0.084100001,19570406
600036,20020930,19075611,0.525700003,0.036699999,2140000,0.144749999,1167205.521,0.078949999,14784110.63
600036,20020630,17458094,0.501299977,0.040399998,1820000,0.163800001,820000,0.073799998,11111111
601009,20140930,16731866,3.219799995,0.030400001,3096130,0.086599998,2567093.75,0.071800001,35744836
601009,20140630,16130166,3.019999981,0.028000001,3069448.25,0.092,2545929.25,0.076300003,33354322
601009,20140331,15413153,3.002550006,0.0273,3239989.125,0.110499997,2473240.673,0.084350001,29321169.43
601009,20131231,14696140,2.985100031,0.0266,3410530,0.128999993,2442294.5,0.092399999,26440930
601009,20130930,14125844,2.907050014,0.02635,3109838.75,0.122599997,2362818.032,0.093150001,25365732.75
601009,20130630,13555548,2.828999996,0.0261,2809147.5,0.1162,2271414,0.093900003,24178304
601009,20130331,13041207,2.99819994,0.02625,2808198.75,0.133950002,2255783.346,0.1076,20964529.29
601009,20121231,12526866,3.167399883,0.0264,2807250,0.151700005,2245353,0.121299997,18510740
601009,20120930,12129495.5,3.317799926,0.02625,2682563.625,0.142549999,2121775.125,0.112749998,18818405.07
601009,20120630,11732125,3.468199968,0.0261,2557877.25,0.133399993,1997982,0.104199998,19174492
601009,20120331,11006311,3.353999972,0.0257,2553843.625,0.142449997,1988215.252,0.1109,17928000.51
601009,20111231,10280497,3.239799976,0.0253,2549810,0.151500002,1978664.75,0.117600001,16825380
601009,20110930,9835588.5,2.970049977,0.0242,2226454.25,0.137900002,1888207.568,0.116950002,16145425.76
601009,20110630,9390680,2.700299978,0.0231,1903098.5,0.124300003,1780614.25,0.116300002,15310527
601009,20110331,8889923,2.523699999,0.0229,1905269.25,0.136799999,1786886.362,0.128300004,13927406.94
601009,20101231,8389166,2.347100019,0.022700001,1907440,0.149299994,1792256.25,0.140300006,12778950
601009,20100930,8008976.5,2.192000031,0.022100001,1587486.063,0.132599998,1470160.611,0.122800004,11971991.58
601009,20100630,7628787,2.036900043,0.021500001,1267532.125,0.115900002,1151606,0.105300002,10936429
601009,20100331,7165796,1.887150049,0.02135,1261076.063,0.12745,1152729.404,0.116500001,9894672.873
601009,20091231,6702805,1.737400055,0.021199999,1254620,0.138999999,1152760,0.127700001,9026043
601009,20090930,6353089.75,1.692100048,0.02185,1202652,0.145499997,1077840.733,0.130400002,8265649.664
601009,20090630,6003374.5,1.646800041,0.022500001,1150684,0.151999995,1007374.625,0.133100003,7570289
601009,20090331,5010663.625,1.673650026,0.0252,1171122,0.196599998,1012669.097,0.170000002,5956876.981
601009,20081231,4017952.75,1.700500011,0.027899999,1191560,0.2412,1021920,0.206900001,4940133
601009,20080930,3731514.625,1.809549987,0.027249999,1122735.5,0.248549998,976831.8515,0.216250002,4517141.46
601009,20080630,3445076.5,1.918599963,0.0266,1053911,0.255899996,929044.5,0.225600004,4118449
601009,20080331,3254000.125,1.693699956,0.02645,1048695.5,0.278650001,929769.3341,0.247050002,3763486.443
601009,20071231,3062923.75,1.468799949,0.0263,1043480,0.301400006,929620,0.2685,3461990
601009,20070930,76137509.88,2.141499937,0.0271,17210481,0.217300005,14363187.56,0.18135,79201475.3
601166,20140930,149212096,2.814199924,0.027899999,33377482,0.133200005,23605600,0.0942,250581696
601166,20140630,143097408,3.057399988,0.0296,29468500,0.130899996,23141100,0.093500003,246840992
601166,20140331,139401552,3.289199948,0.0282,27243400,0.125049997,20217414.21,0.092800003,217860061
601166,20131231,135705696,3.520999908,0.026799999,25018300,0.119199999,20115300,0.092100002,231047104
601166,20130930,134806696,3.811049938,0.025099999,24035975,0.11216823,19274940.99,0.089950003,214285051.8
601166,20130630,133907696,4.101099968,0.023399999,23053650,0.105136462,19252222,0.087800004,219273600
601166,20130331,128412096,4.379649878,0.021699999,22071325,0.112868231,17667896.85,0.090350002,195549490.3
601166,20121231,122916496,4.658199787,0.02,21089000,0.1206,16241650,0.092900001,174829344
601166,20120930,114358600,4.608850002,0.0191,18987600,0.116549999,14377140.47,0.08825,162913773
601166,20120630,105800704,4.559500217,0.018200001,16886200,0.112499997,12548323,0.0836,150099552
601166,20120331,102063052,4.206250072,0.016400001,15878850,0.111449998,11796938.71,0.082800001,142475103.7
601166,20111231,98325400,3.852999926,0.0146,14871500,0.110399999,11048310,0.082000002,134735504
601166,20110930,95636400,3.826299906,0.01395,14193350,0.111299999,10482420.55,0.082200002,127523361.4
601166,20110630,92947400,3.799599886,0.0133,13515200,0.112199999,9925601,0.082400002,120456328
601166,20110331,89190652,3.527349949,0.01355,12446850,0.112199999,9451618.829,0.085200001,110934492.6
601166,20101231,85433904,3.255100012,0.0138,11378500,0.112199999,8781980,0.088,99170200
601166,20100930,82341792,3.021550059,0.01375,10958400,0.115899999,8552090.521,0.09045,94550475.61
601166,20100630,79249680,2.788000107,0.0137,10538300,0.119599998,8185686,0.092900001,88112880
601166,20100331,74704712,2.668650031,0.0137,9120500,0.11355,6907644.151,0.085999999,80321444.37
601166,20091231,70159744,2.549299955,0.0137,7702700,0.107500002,5666300,0.079099998,71305696
601166,20090930,67131534,2.368549943,0.0142,7093550,0.099800002,5444548.316,0.0766,71077654.01
601166,20090630,64103324,2.187799931,0.0147,6484400,0.092100002,5217091,0.074100003,70406080
601166,20090331,57020984,2.226799965,0.01675,6128050,0.102250002,4899443.393,0.081750002,59932027.98
601166,20081231,49938644,2.265799999,0.0188,5771700,0.112400003,4590658,0.089400001,51349644
601166,20080930,47045528,2.004800022,0.0185,5562200,0.11045,4388825.098,0.08715,50359438.86
601166,20080630,44152412,1.743800044,0.018200001,5352700,0.108499996,4188426,0.084899999,49333640
601166,20080331,42083344,1.647949994,0.018,5069300,0.112899996,3888409.079,0.086599998,44900798.62
601166,20071231,40014276,1.552099943,0.0178,4785900,0.117299996,3602685,0.088299997,40800512
601166,20070930,38909962,1.536049962,0.017849999,4710450,0.11485,3475930.7,0.08475,41013931.38
601166,20070630,37805648,1.519999981,0.017899999,4635000,0.112400003,3348416,0.081200004,41236656
601166,20070331,52337824,2.442849994,0.02265,8403822.5,0.1074,5226958.653,0.066800002,78247881.68
601169,20140930,66870000,3.365700006,0.0274,12172645,0.102399997,6228971,0.0524,118873488
601169,20140630,64450900,3.679699898,0.0273,10944723,0.105899997,8763600,0.084799998,103349600
601169,20140331,61468542,3.769400001,0.02735,10330761.5,0.107649997,8296278.226,0.086449999,95966203.43
601169,20131231,58486184,3.859100103,0.0274,9716800,0.109399997,7825990,0.088100001,88788416
601169,20130930,56606134,4.06460011,0.02735,9680370,0.11595,7714240.506,0.092399999,83487451.82
601169,20130630,54726084,4.270100117,0.0273,9643940,0.122500002,7611133,0.096699998,78726040
601169,20130331,52199054,4.234850168,0.027,9153880,0.125749998,7486891.072,0.102849998,72794275.63
601169,20121231,49672024,4.19960022,0.026699999,8663820,0.128999993,7082830,0.108999997,65001600
601169,20120930,47522792,4.351500034,0.025649999,8289491.5,0.130399995,6948170.616,0.109299999,63569722.75
601169,20120630,45373560,4.503399849,0.024599999,7915163,0.131799996,6581956,0.1096,60054348
601169,20120331,42967256,4.483649969,0.024049999,7054626.5,0.126199998,5743762.931,0.10275,55900369.37
601169,20111231,40560952,4.463900089,0.023499999,6194090,0.1206,4924460,0.095899999,51355912
601169,20110930,39055916,3.903150082,0.02155,5966607.75,0.121649999,4725710.288,0.096349999,49047330.79
601169,20110630,37550880,3.342400074,0.0196,5739125.5,0.122699998,4527688,0.096799999,46773640
601169,20110331,35512029,3.206799984,0.02045,5371382.75,0.124450002,4357099.838,0.100949999,43160969.62
601169,20101231,33473178,3.071199894,0.021299999,5003640,0.126200005,4166410,0.105099998,39654300
601169,20100930,32251293,2.811249971,0.0204,4774303.25,0.125450004,4045503.549,0.1063,38057418.11
601169,20100630,31029408,2.551300049,0.0195,4544966.5,0.124700002,3916562.75,0.107500002,36447208
601169,20100331,29188751,2.354099989,0.0208,4382383.25,0.134100001,3779437.929,0.115650002,32679964.26
601169,20091231,27348094,2.156899929,0.0221,4219800,0.1435,3640400,0.123800002,29412730
601169,20090930,26165231,2.080500007,0.02245,4120955,0.152350001,3497469.551,0.129300002,27049261.38
601169,20090630,24982368,2.004100084,0.0228,4022110,0.161200002,3362150,0.134800002,24951054
601169,20090331,22144869,1.90320003,0.02535,3910360,0.178900003,3267740.632,0.149499997,21857797.23
601169,20081231,19307370,1.802299976,0.027899999,3798610,0.196600005,3171560,0.164199993,19318610
601169,20080930,18459065,1.605749965,0.026199999,3596019.75,0.194000006,3021397.857,0.162999995,18536183.73
601169,20080630,17610760,1.409199953,0.024499999,3393429.5,0.191400006,2868635,0.161799997,17729516
601169,20080331,16665785,1.30399996,0.0246,3282186,0.196250007,2813899.529,0.168250002,16724514.09
601169,20071231,15720810,1.198799968,0.024700001,3170942.5,0.201100007,2754016,0.174700007,15767989
601169,20070930,14775835,1.093599975,0.024800002,3059699,0.205950007,2691257.544,0.181150012,14856513.22
601288,20140930,814900384,3.360949874,0.04235,134004788,0.120849997,92589154.38,0.083499994,1108852226
601288,20140630,784090688,3.464099884,0.043099999,125168760,0.120099999,90116304,0.086499996,1042204480
601288,20140331,753280992,3.567249894,0.043849999,116332732,0.119350001,87237362.99,0.089499999,974719152.2
601288,20131231,722471296,3.670399904,0.044599999,107496704,0.118600003,83847400,0.092500001,906563072
601288,20130930,708541632,3.557899952,0.0438,108096072,0.122400004,81072051.53,0.091800001,883137811.3
601288,20130630,694611968,3.4454,0.043000001,108695440,0.126200005,78480000,0.0911,861295104
601288,20130331,668975936,3.353399992,0.04325,99850120,0.126150005,74323629.09,0.093899999,791518956.7
601288,20121231,643339904,3.261399984,0.043499999,91004800,0.126100004,69780440,0.096699998,721617792
601288,20120930,625675136,3.111999989,0.04235,86436500,0.123150002,67801589.4,0.0966,701879808.8
601288,20120630,608010368,2.962599993,0.041200001,81868200,0.120200001,65726136,0.096500002,681099840
601288,20120331,585440448,2.796800017,0.041000001,79084600,0.119800001,63208267.02,0.09575,660138556.7
601288,20111231,562870528,2.631000042,0.040800001,76301000,0.119400002,60214560,0.094999999,638837504
601288,20110930,550630912,2.403400064,0.038600001,73989600,0.11925,58509175.43,0.094299998,620457864.1
601288,20110630,538391296,2.175800085,0.036400001,71678200,0.119099997,56331480,0.093599997,601832064
601288,20110331,517032704,1.928150058,0.035200002,67045300,0.1175,54520665.76,0.095549997,570598299.3
601288,20101231,495674112,1.680500031,0.034000002,62412400,0.115900002,52508300,0.097499996,538369408
601288,20100930,474315520,1.432850003,0.032800002,57779500,0.114300005,50272710.24,0.099449996,505507413.8
601328,20140930,347914816,2.012900114,0.023399999,56629356,0.138099998,45498600,0.111000001,410060512
601328,20140630,343376896,2.041599989,0.023,54126716,0.131799996,43959500,0.107000001,410673088
601328,20140331,335006848,2.089049935,0.0227,52887458,0.1263,42837584.63,0.102299999,418744720.1
601328,20131231,326636800,2.136499882,0.022399999,51648200,0.120800003,41696500,0.097599998,427406784
601328,20130930,323389248,2.182849884,0.0222,53029516,0.129650004,40697544.9,0.0995,409020549.8
601328,20130630,320141696,2.229199886,0.022,54410832,0.138500005,39835800,0.101400003,392857984
601328,20130331,307435792,2.367999911,0.0225,50009166,0.139600001,38294985.22,0.106900003,358231844.9
601328,20121231,294729888,2.506799936,0.023,45607500,0.140699998,36445740,0.112400003,324250336
601328,20120930,287660944,2.62105,0.02265,41915400,0.133199997,32758207.47,0.1041,314680186.7
601328,20120630,280592000,2.735300064,0.022299999,38223300,0.125699997,29131202,0.095799997,304083520
601328,20120331,268383504,2.649500012,0.02215,36733850,0.125049997,27686248.24,0.094249997,293753305.4
601328,20111231,256175008,2.563699961,0.022,35244400,0.124399997,26262920,0.092699997,283310912
601328,20110930,249740304,2.351300001,0.0215,33658350,0.123199999,25516962.93,0.093399998,273200894.3
601328,20110630,243305600,2.138900042,0.021,32072300,0.122000001,24737732,0.094099998,262887712
601328,20110331,233499152,1.998650014,0.0209,30963800,0.1228,23676716.47,0.093899999,252148208.4
601328,20101231,223692704,1.858399987,0.0208,29855300,0.123599999,22729600,0.093699999,241625504
601328,20100930,215374752,1.735050023,0.02025,28006050,0.122649997,20904638.65,0.09155,228341219.5
601328,20100630,207056800,1.611700058,0.0197,26156800,0.121699996,19214608,0.089400001,214928512
601328,20100331,195494096,1.561100006,0.0201,24400560,0.120849997,17253023.86,0.085450001,201907824.9
601328,20091231,183931392,1.510499954,0.020500001,22644320,0.119999997,15379300,0.081500001,184935200
601328,20090930,178426592,1.370249987,0.0195,21383460,0.122849997,14760419.02,0.084800001,174061542.5
601328,20090630,172921792,1.230000019,0.0185,20122600,0.125699997,14103429,0.088100001,160084320
601328,20090331,152890396,1.199150026,0.02045,19333650,0.130199999,13624135.18,0.09175,148491937.1
601328,20081231,132859000,1.168300033,0.022399999,18544700,0.1347,13134100,0.095399998,135143808
601328,20080930,128544348,1.122400045,0.02105,18327700,0.137649998,12995158.09,0.097599998,133147114.1
601328,20080630,124229696,1.076500058,0.0197,18110700,0.140599996,12855248,0.099799998,128810096
601328,20080331,117337848,1.016400039,0.01965,17448250,0.142499998,12397440.98,0.10125,122443861.2
601328,20071231,110446000,0.95630002,0.0196,16785800,0.144400001,12016600,0.102700002,113928704
601328,20070930,111758500,1.00395,0.01855,16432650,0.14305,11671144.92,0.101600002,114873470.8
601328,20070630,113071000,1.051599979,0.0175,16079500,0.1417,11404303,0.100500003,113475656
601398,20140930,1085365248,2.165999889,0.023,167046208,0.138699993,141995296,0.117899999,1204370688
601398,20140630,1064611520,2.380199909,0.023600001,160803552,0.135600001,134694592,0.113600001,1185866880
601398,20140331,1028424448,2.4760499,0.02395,159015024,0.133400001,130704628.5,0.109650001,1192016666
601398,20131231,992237376,2.571899891,0.0243,157226496,0.131200001,126685904,0.105700001,1198218752
601398,20130930,968000800,2.726749897,0.02465,154428816,0.133850001,121431699.2,0.105250001,1153745350
601398,20130630,943764224,2.881599903,0.025,151631136,0.136500001,116469904,0.104800001,1110850816
601398,20130331,912066720,2.918549895,0.025,140766268,0.136550002,108757534.1,0.105500001,1030877086
601398,20121231,880369216,2.955499887,0.025,129901400,0.136600003,101009000,0.106200002,951120512
601398,20120930,861386464,2.884749889,0.02505,126169100,0.136100002,97338393.81,0.105,927032318
601398,20120630,842403712,2.813999891,0.0251,122436800,0.135600001,93712400,0.103799999,902926272
601398,20120331,810646720,2.741599917,0.02505,116841552,0.133649997,89390563.11,0.102249999,874235348
601398,20111231,778889728,2.669199944,0.025,111246304,0.131699994,85035504,0.100699998,844726272
601398,20110930,756146880,2.640299916,0.024850001,105587152,0.127499998,82357979.79,0.09945,828134541
601398,20110630,733404032,2.611399889,0.024700001,99928000,0.123300001,79561296,0.098200001,810446080
601398,20110331,706227328,2.446699977,0.02465,93582648,0.123,75284576.54,0.098949999,760834538.6
601398,20101231,679050624,2.282000065,0.024599999,87237296,0.122699998,70919296,0.099699996,711235712
601398,20100930,657244512,2.090050042,0.02425,81608200,0.118049998,66987162.36,0.096899997,691302003.4
601398,20100630,635438400,1.898100019,0.0239,75979104,0.113399997,63047912,0.094099998,670009728
601398,20100331,604150496,1.771099985,0.02465,74587352,0.118499998,60771382.95,0.096549999,629429141.4
601398,20091231,572862592,1.644099951,0.0254,73195600,0.123599999,58643100,0.098999999,592132992
601398,20090930,558254752,1.51304996,0.02525,69814200,0.122249998,56736529.5,0.099349998,571077309.2
601398,20090630,543646912,1.381999969,0.0251,66432800,0.120899998,54783708,0.099699996,549485504
601398,20090331,500423152,1.341749966,0.0274,64218050,0.125750002,52906479.86,0.103599999,510680311.9
601398,20081231,457199392,1.301499963,0.0297,62003300,0.130600005,51054900,0.107500002,474889312
601398,20080930,446367952,1.231149971,0.02885,59508550,0.127600003,49155180.31,0.1054,466367935.6
601398,20080630,435536512,1.16079998,0.028000001,57013800,0.124600001,47267460,0.103299998,457574624
601398,20080331,421429712,1.097899973,0.028200001,57343950,0.127749998,47850215.5,0.106599998,448876327.5
601398,20071231,407322912,1.034999967,0.0284,57674100,0.130899996,48408500,0.109899998,440534496
601398,20070930,399441760,0.923749983,0.02755,56449100,0.1338,48137834.09,0.114099998,421891629.4
601398,20070630,391560608,0.8125,0.026699999,55224100,0.136700004,47779000,0.118299998,403980256
601398,20070331,377338848,0.759050012,0.026749999,54152300,0.138599999,47002320.73,0.120299999,390709237.3
601398,20061231,363117088,0.705600023,0.026799999,53080500,0.140499994,46201900,0.122299999,377916992
601818,20140930,127214400,1.970000029,0.021,22467072,0.124200001,17115300,0.094599999,180894304
601818,20140630,124535600,1.854900002,0.0207,20321500,0.118199997,16329000,0.089699998,181954704
601818,20140331,120583300,2.132550061,0.0207,18928300,0.111949999,15284665.67,0.090399999,169078161.6
601818,20131231,116631000,2.410200119,0.0207,17535100,0.105700001,15112100,0.0911,165886096
601818,20130930,113543200,2.669250011,0.02205,16718450,0.105599999,13789554.82,0.087099999,158318656.2
601818,20130630,110455400,2.928299904,0.023399999,15901800,0.105499998,12522900,0.083099999,150727968
601818,20130331,106387052,3.162299991,0.02435,15556050,0.107699998,11778977.52,0.081549998,144438721.7
601818,20121231,102318704,3.396300077,0.0253,15210300,0.109899998,11072102,0.079999998,138401280
601818,20120930,99783700,3.553500056,0.0246,14704900,0.110649999,10664873.15,0.080249999,132895617.7
601818,20120630,97248696,3.710700035,0.0239,14199500,0.111400001,10260859,0.080499999,127464096
601818,20120331,93142596,3.690350056,0.023750001,13094250,0.108550001,9614110.766,0.079700001,120628741.5
601818,20111231,89036496,3.670000076,0.023600001,11989000,0.105700001,8949216,0.078900002,113424784
601818,20110930,87077200,3.628050089,0.02385,11729900,0.10695,8746699.789,0.079750001,109676484.4
601818,20110630,85117904,3.586100101,0.0241,11470800,0.108199999,8544792,0.080600001,106014784
601818,20110331,81534852,3.359950066,0.02375,10901000,0.109200001,8090897.946,0.081050001,99826006.63
601818,20101231,77951800,3.13380003,0.023399999,10331200,0.110200003,7640588,0.081500001,93749544
601818,20100930,74368748,2.907649994,0.023049999,9761400,0.111200005,7193765.371,0.081950001,87782370.3
601939,20140930,934948928,2.344700098,0.028200001,148467808,0.144999996,119286200,0.116499998,1023915904
601939,20140630,919060096,2.488699913,0.025900001,143959216,0.142399997,113288400,0.112099998,1010949504
601939,20140331,889032896,2.585449934,0.02625,137815808,0.137899995,109732967.7,0.1098,999389508
601939,20131231,859005696,2.682199955,0.0266,131672400,0.133399993,106170000,0.107500002,987278976
601939,20130930,834255456,2.667099953,0.02645,131618632,0.137599997,102396621,0.107050002,956530775.1
601939,20130630,809505216,2.65199995,0.0263,131564864,0.141800001,98905600,0.106600001,927819904
601939,20130331,780368224,2.682449937,0.0266,120453880,0.142499998,92897415.8,0.109900001,845290396.6
601939,20121231,751231232,2.712899923,0.026900001,109342896,0.143199995,86477848,0.113200001,763770496
601939,20120930,728682752,2.668349981,0.026550001,104660248,0.140699998,83720762.51,0.112550002,743853943.3
601939,20120630,706134272,2.623800039,0.0262,99977600,0.1382,80951472,0.111900002,723426944
601939,20120331,677887680,2.51910007,0.0263,96214100,0.137500003,77531070.69,0.110800002,699738893.9
601939,20111231,649641088,2.414400101,0.0264,92450600,0.136800006,74158480,0.109700002,676011712
601939,20110930,631839904,2.430600047,0.02585,87393052,0.130950004,71375995.64,0.10695,667377238.8
601939,20110630,614038720,2.446799994,0.0253,82335504,0.125100002,68580008,0.104199998,658157504
601939,20110331,590475744,2.329100013,0.02525,79290200,0.125950001,65534813.43,0.1041,629537112
601939,20101231,566912768,2.211400032,0.0252,76244896,0.126800001,62559420,0.104000002,601532928
601939,20100930,550925488,2.129299998,0.02505,71010498,0.121800002,57338935.59,0.09835,583009006.6
601939,20100630,534938208,2.047199965,0.024900001,65776100,0.116800003,52204148,0.092699997,563151552
601939,20100331,508457760,1.902449965,0.0256,63299700,0.116900001,50304036.7,0.092899997,541485882
601939,20091231,481977312,1.757699966,0.0263,60823300,0.116999999,48394400,0.093099996,519754496
601939,20090930,467256512,1.631399989,0.026,59686150,0.118349999,46926880.06,0.093049999,504318972.6
601939,20090630,452535712,1.505100012,0.025699999,58549000,0.1197,45489200,0.093000002,489131168
601939,20090331,415965008,1.410449982,0.0274,54795300,0.120650001,44213199.25,0.097350001,454167423.2
601939,20081231,379394304,1.315799952,0.029100001,51041600,0.121600002,42672400,0.1017,419649312
601939,20080930,366574000,1.244049966,0.027500001,50022800,0.121100001,41823356.49,0.10125,413070186.4
601939,20080630,353753696,1.172299981,0.025900001,49004000,0.1206,40958568,0.1008,406334976
601939,20080331,340484704,1.108200014,0.026550001,47661100,0.123199999,39556391.51,0.102249999,386859580
601939,20071231,327215712,1.044100046,0.0272,46318200,0.125799999,38203100,0.103699997,368312288
601939,20070930,313946720,0.980000079,0.02785,44975300,0.128399998,36831407.09,0.105149996,350274927.7
601988,20140930,844440320,2.076999903,0.0221,127022568,0.134599999,99183296,0.105099998,943704064
601988,20140630,842459520,2.170200109,0.0221,123873648,0.131400004,95348200,0.101099998,942721792
601988,20140331,801619296,2.231850028,0.0221,120604176,0.128000002,93326901.96,0.09905,942220107.7
601988,20131231,760779072,2.293499947,0.0221,117334704,0.124600001,91364600,0.097000003,941872576
601988,20130930,752371200,2.341549993,0.0222,119415788,0.128950004,87837046.77,0.09485,926062696.6
601988,20130630,743963328,2.389600039,0.022299999,121496872,0.133300006,84467800,0.092699997,911454400
601988,20130331,715216480,2.376299977,0.0224,110181336,0.134800002,80960394.69,0.09905,817368949.4
601988,20121231,686469632,2.362999916,0.022500001,98865800,0.136299998,76426096,0.105400003,725323008
601988,20120930,680918016,2.344299912,0.0222,95480852,0.133149996,74183210.17,0.10345,717092411.4
601988,20120630,675366400,2.325599909,0.0219,92095904,0.129999995,71905648,0.101499997,708430016
601988,20120331,654823904,2.266549945,0.02195,89261504,0.129900001,69505780.88,0.101149999,687155529.8
601988,20111231,634281408,2.207499981,0.022,86427104,0.129800007,67124400,0.1008,665603392
601988,20110930,627966912,2.190199971,0.02185,85623000,0.129650004,66338836.97,0.100450002,660416484.5
601988,20110630,621652416,2.172899961,0.0217,84818896,0.129500002,65562716,0.100100003,654972224
601988,20110331,593857248,2.06979996,0.0217,79444648,0.12765,62547491.68,0.100500003,622363085.8
601988,20101231,566062080,1.966699958,0.0217,74070400,0.125799999,59378700,0.100900002,588716992
601988,20100930,552624992,1.925549984,0.022150001,69919900,0.121549997,55855388.64,0.097100001,575235717.4
601988,20100630,539187904,1.88440001,0.022600001,65769400,0.117299996,52312744,0.0933,560693952
601988,20100331,515111856,1.698050022,0.0228,61635900,0.114349999,49589006.42,0.092,539010938.3
601988,20091231,491035808,1.511700034,0.023,57502400,0.111400001,46823100,0.090700001,516384800
601988,20090930,461191600,1.450650036,0.024,57414650,0.11335,46853596.67,0.092500001,506525362.9
601988,20090630,431347392,1.389600039,0.025,57326900,0.1153,46885748,0.094300002,497197760
601988,20090331,380480992,1.30340004,0.02865,55303100,0.124799997,44845142.96,0.101199999,443133826.1
601988,20081231,329614592,1.217200041,0.032299999,53279300,0.134299994,42875100,0.108099997,396694304
601988,20080930,326949296,1.21055001,0.031699999,53770000,0.136049993,42802580.73,0.108299997,395222364.1
601988,20080630,324284000,1.20389998,0.031099999,54260700,0.137799993,42723408,0.108499996,393764160
601988,20080331,304670048,1.142849982,0.0324,52162350,0.135599993,41391365.27,0.1076,384678116.7
601988,20071231,285056096,1.081799984,0.0337,50064000,0.133399993,40045400,0.106700003,375410816
601988,20070930,276084544,1.060499966,0.03535,50084750,0.133649997,41203280.83,0.109950002,374745611.4
601988,20070630,267112992,1.039199948,0.037,50105500,0.133900002,42359540,0.113200001,374200896
601988,20070331,255146800,0.999599963,0.037900001,48620850,0.134900004,41015957,0.1138,360421413.5
601988,20061231,243180608,0.959999979,0.038800001,47136200,0.135900006,39685500,0.114399999,346901696
601988,20060930,231214416,0.920399994,0.039700001,45651550,0.136900008,38348633.16,0.114999998,333466380
601998,20140930,220812848,1.85710001,0.02385,37624878,0.131750006,24773874,0.086749997,285577808.1
601998,20140630,211914400,1.926800013,0.023,34823652,0.125300005,24196500,0.087099999,277922208
601998,20140331,203015952,1.996500015,0.02215,32022426,0.118850004,23562146.45,0.087450001,269435632.7
601998,20131231,194117504,2.066200018,0.021299999,29221200,0.112400003,22838000,0.087800004,260049408
601998,20130930,188286352,2.152750015,0.020699999,30023624,0.120650005,22023130.04,0.088500001,248848925.5
601998,20130630,182455200,2.239300013,0.020099999,30826048,0.128900006,21333400,0.089199997,239147008
601998,20130331,174372648,2.560899973,0.020649999,28585074,0.131650001,20421011.21,0.094049998,217129311.2
601998,20121231,166290096,2.882499933,0.021199999,26344100,0.134399995,19398200,0.098899998,196012656
601998,20120930,159912648,2.807150006,0.018949999,25493050,0.134399995,18912641.99,0.09970792,189680438.3
601998,20120630,153535200,2.731800079,0.0167,24642000,0.134399995,18429400,0.100515842,183348208
601998,20120331,148469448,2.727450013,0.01645,22814400,0.128549997,17713402.63,0.099807922,177474917
601998,20111231,143403696,2.723099947,0.0162,20986800,0.122699998,16946600,0.099100001,171041568
601998,20110930,139442800,2.552699924,0.0155,19116800,0.118349999,15167448.33,0.093899999,161527673.3
601998,20110630,135481904,2.3822999,0.0148,17246800,0.114,13415500,0.088699996,151287712
601998,20110331,130953200,2.258699894,0.0146,16454100,0.11355,12548877.42,0.086599998,144906208.9
601998,20101231,126424496,2.135099888,0.0144,15661400,0.1131,11698800,0.0845,138526208
601998,20100930,122854148,1.917149961,0.0141,15267300,0.111299999,11460762.86,0.083549999,137172507.9
601998,20100630,119283800,1.699200034,0.0138,14873200,0.109499998,11219000,0.082599998,135828304
601998,20100331,112924348,1.596400023,0.014,13366000,0.108349998,10750779.2,0.08715,123359485.9
601998,20091231,106564896,1.493600011,0.0142,11858800,0.107199997,10152700,0.091700003,110664800
601998,20090930,102719848,1.497049987,0.01545,11618000,0.113799997,10015165.79,0.098100003,102091391.4
601998,20090630,98874800,1.500499964,0.0167,11377200,0.120399997,9874729,0.104500003,94495016
601998,20090331,82683600,1.500400007,0.01855,11032100,0.131799996,9529625.477,0.113850001,83703341
601998,20081231,66492400,1.50030005,0.020400001,10687000,0.143199995,9199300,0.123199999,74654704
601998,20080930,64936800,1.327199996,0.0186,10487550,0.142999999,9042761.768,0.123300001,73339510.89
601998,20080630,63381200,1.154099941,0.016799999,10288100,0.142800003,8890417,0.123400003,72045520
601998,20080331,60451000,1.127099991,0.0165,9902600,0.147750005,8538688.525,0.127400003,67022671.11
601998,20071231,57520800,1.10010004,0.0162,9517100,0.152700007,8189400,0.131400004,62330000
601998,20070930,55536350,0.976000011,0.0159,9281150,0.156300001,7989627.473,0.134550005,59380357.96
601998,20070630,53551900,0.851899981,0.0156,9045200,0.159899995,7790400,0.137700006,56567856
